Site,ObservationDate,TMin,TMax,TAverage,HRMin,HRMax,HRAverage,WindSpeed,Rainfall,Rg
PR,2014-01-01,21.1,34.1,25.75,61,96,86.21,0.037,8.15,14.496
PR,2014-01-02,20.9,31.4,25.42,74,97,90.79,0.005,0,11.332
PR,2014-01-03,22.5,33.3,26.78,63,97,86.79,0.014,0.3,13.517
PR,2014-01-04,22.7,32.6,26.37,65,97,88,0.014,0,12.473
PR,2014-01-05,21.8,32.6,25.79,67,97,88.42,0.005,0,12.693
PR,2014-01-06,21.6,32.8,25.99,69,97,88.71,0.009,0,12.919
PR,2014-01-07,22.6,33.4,27.04,64,97,86.71,0,0,13.315
PR,2014-01-08,23.1,32.9,26.75,69,97,88,0,0,11.837
PR,2014-01-09,21.8,32.7,25.78,61,97,87.88,0,0,11.857
PR,2014-01-10,21.6,32.8,25.79,71,97,89.63,0,0.25,12.023
PR,2014-01-11,21.6,32.6,25.7,65,97,87.96,0.005,0,11.792
PR,2014-01-12,18.4,32.9,24.71,62,96,85.75,0.025,0,14.197
PR,2014-01-13,20.1,32.4,25.33,68,96,87.25,0.023,0,14.506
PR,2014-01-14,21.7,33.4,26.36,67,97,88.04,0.014,0,12.883
PR,2014-01-15,22.3,32.5,26.39,73,97,88.96,0.019,0,11.113
PR,2014-01-16,21.4,34.3,26.68,65,97,86.92,0.023,0,13.912
PR,2014-01-17,23.4,34,27.23,70,96,87.63,0.014,2.8,11.441
PR,2014-01-18,22.6,34.1,27.26,68,97,86.43,0.037,0,14.784
PR,2014-01-19,23,34.7,27.75,63,97,84.21,0.043,0,15.222
PR,2014-01-20,22,35.6,27.49,58,97,85.13,0.05,0,16.215
PR,2014-01-21,22.6,35,27.17,66,97,85.5,0.034,0,11.879
PR,2014-01-22,22.2,34.5,26.89,66,96,86.88,0.111,3.3,13.72
PR,2014-01-23,22.2,35,27.22,63,97,86.75,0.13,4.1,18.25
PR,2014-01-24,21,34.9,27,63,96,85.67,0.13,0,17.68
PR,2014-01-25,21.8,33.2,26.6,70,97,87.71,0.185,0,18.97
PR,2014-01-26,23.7,34.3,27.15,71,97,89.04,0.111,0,16.96
PR,2014-01-27,23.6,33.7,26.91,70,97,89.5,0.148,7.55,18.25
PR,2014-01-28,23.6,34.5,27.74,65,97,86.25,0.093,0,17.53
PR,2014-01-29,23.2,35.1,27.83,63,96,85.71,0.204,0,17.28
PR,2014-01-30,22.1,33.8,26.13,69,96,89.21,0.204,46.6,11.81
PR,2014-01-31,21.8,32.8,25.7,73,97,92.04,0.056,0.05,15.05
PR,2014-02-01,23.2,32.5,26.91,72,97,89.29,0.074,0,12.24
PR,2014-02-02,23.3,33.4,27.58,46,96,81.58,0.111,0,17.17
PR,2014-02-03,22.7,33.7,26.88,65,96,87.21,0.074,7.45,14.94
PR,2014-02-04,22.9,33.8,27.62,56,90,80.21,0.074,0,17.6
PR,2014-02-05,23.8,33.8,28.11,55,90,79.38,0.049,0,18.54
PR,2014-02-06,23.3,34.7,27.96,64,97,85.13,0.009,0,15.457
PR,2014-02-07,23.8,35.1,28.13,57,97,84.71,0.032,0,17.475
PR,2014-02-08,22.9,34.8,27.75,66,96,84.54,0.005,0,15.19
PR,2014-02-09,21.3,34.9,27.28,64,94,83.63,0.038,0,16.505
PR,2014-02-10,23.9,34.1,27.77,68,96,86.25,0.032,0,14.495
PR,2014-02-11,22.4,35.2,27.41,62,96,85.25,0.028,0,15.284
PR,2014-02-12,22.8,32.2,25.63,75,96,90,0.02,0,9.238
PR,2014-02-13,21.1,34.1,26.7,65,97,86.92,0.014,0,13.783
PR,2014-02-14,23.5,34.2,28.11,60,97,84.5,0.034,0,14.963
PR,2014-02-15,21.9,33.4,27,63,97,84.96,0.005,0,11.932
PR,2014-02-16,21.9,34.4,26.68,44,97,81.58,0.023,0,14.175
PR,2014-02-17,20.1,35.2,26.31,42,96,80.5,0.019,0,14.636
PR,2014-02-18,21.2,33.9,26.83,63,97,84.71,0.014,0,13.65
PR,2014-02-19,21.4,35.3,27.25,58,97,83.38,0.049,0,16.162
PR,2014-02-20,22,35,27.49,64,96,84.5,0.054,0,16.129
PR,2014-02-21,23.1,35.6,28.16,65,97,85.38,0.032,0,15.021
PR,2014-02-22,23.5,36.2,28.45,58,96,84.63,0.043,0,15.612
PR,2014-02-23,23.8,34.2,28.14,68,97,87.13,0.032,0,11.588
PR,2014-02-24,24.1,35.9,28.42,62,96,84.58,0.069,0,15.752
PR,2014-02-25,23.8,34.1,26.78,71,96,90.33,0.019,6.67,8.101
PR,2014-02-26,24,32.6,26.58,74,96,91.58,0.019,11.05,9.101
PR,2014-02-27,22.9,35,27.75,64,97,86.04,0.065,0,18.656
PR,2014-02-28,23.7,32.7,27.46,74,96,87.54,0.034,0,13.841
PR,2014-03-01,23.6,35.1,27.19,64,97,87.46,0.064,0,15.453
PR,2014-03-02,23.5,30.1,26.33,80,96,89.58,0.009,3.5,10.221
PR,2014-03-03,24.9,34.7,27.78,57,96,86.75,0.029,30.3,12.941
PR,2014-03-04,23.3,33.8,26.75,68,96,88.29,0.049,0,11.696
PR,2014-03-05,22,35.7,27.46,60,96,82.54,0.052,0.5,20.588
PR,2014-03-06,22.4,34.2,25.77,70,96,88.71,0.065,3.75,13.006
PR,2014-03-07,21.9,33.7,26.5,72,97,89.63,0.028,40.1,15.87
PR,2014-03-08,22.4,35.7,27.64,64,96,84.58,0.043,0,19.182
PR,2014-03-09,22.6,34.4,27.53,71,95,86.46,0.054,0,16.087
PR,2014-03-10,24.3,34.7,27.84,62,96,87.33,0.028,0.15,13.931
PR,2014-03-11,22.6,32.9,26.89,66,96,84.5,0.049,0.9,16.23
PR,2014-03-12,21.3,36.2,27.71,55,96,81.83,0.028,0,22.827
PR,2014-03-13,22.2,35.3,27.85,61,96,84.83,0.024,23,16.446
PR,2014-03-14,22.6,36,28.29,62,96,84.58,0.034,0,16.666
PR,2014-03-15,23.2,36.3,28.06,64,96,85.04,0.043,13.5,17.131
PR,2014-03-16,23.3,32.8,26.84,72,96,88.13,0,0,11.149
PR,2014-03-17,22,35.5,27.87,63,96,83.83,0.043,12.35,18.213
PR,2014-03-18,22.2,33.4,27.55,71,96,86.38,0.029,0,13.715
PR,2014-03-19,23.3,34.8,27.66,69,96,86.88,0.045,0,14.639
PR,2014-03-20,22.5,34.7,27.5,68,97,86.71,0.044,15.75,15.546
PR,2014-03-21,23.3,33.7,27.61,74,96,88.08,0.02,0.2,12.616
PR,2014-03-22,23.7,34.7,28.45,66,96,86.04,0.032,0,15.893
PR,2014-03-23,21.6,33.9,26.88,72,96,88.83,0.074,0,13.052
PR,2014-03-24,21.9,32.8,26.35,73,97,88.38,0.019,6.6,14.128
PR,2014-03-25,23.8,33.6,27.62,69,96,87.21,0.015,0,13.639
PR,2014-03-26,21.9,34.8,27.64,64,96,84.33,0.128,0,17.357
PR,2014-03-27,21.8,33.6,25.37,72,96,91.54,0.091,45.5,8.116
PR,2014-03-28,20.8,32.5,25.87,73,97,89.46,0.024,13.55,12.455
PR,2014-03-29,23.5,34,26.42,70,96,89.71,0.118,6,10.058
PR,2014-03-30,22.4,34.8,27.58,66,97,86,0.164,22.15,14.948
PR,2014-03-31,22.1,33.9,27.25,67,96,84.29,0.161,0,21.498
PR,2014-04-01,23.5,35.2,28.51,66,97,85,0.174,28.95,19.556
PR,2014-04-02,23.3,35.5,27.3,66,96,88.67,0.175,20.5,16.33
PR,2014-04-03,21.9,30.9,26,80,97,91.17,0.045,48.8,12.689
PR,2014-04-04,22.5,35.6,28.3,63,97,84.63,0.039,0,20.717
PR,2014-04-05,24.6,35.2,28.85,63,96,83.96,0.163,0,19.379
PR,2014-04-06,23.5,34.4,28.08,70,96,86.25,0.132,0,14.395
PR,2014-04-07,24,34.3,27.12,67,97,87.71,0.108,0,15.093
PR,2014-04-08,23.2,34.3,27.27,66,96,85.38,0.185,0,18.699
PR,2014-04-09,23.4,32.4,26.55,76,96,89.83,0.16,23.25,11.995
PR,2014-04-10,22.4,30.4,25.74,76,96,89.42,0.084,8.5,12.919
PR,2014-04-11,23.4,34.4,27.72,66,97,85.88,0.127,0,18.569
PR,2014-04-12,23.38,31.01,26.73,,,85.26,1.69,0,19.55
PR,2014-04-13,24.17,28.4,25.9,,,91.67,1.84,12.6,17.32
PR,2014-04-14,23.51,29.94,26.36,,,85.71,1.63,0,18.9
PR,2014-04-15,23.86,28.93,25.99,,,88.11,1.58,0,21.64
PR,2014-04-16,23.06,31.21,26.69,,,83.33,1.88,0,19.8
PR,2014-04-17,24.3,35.3,28.95,62,96,83.42,0.095,0,17.63
PR,2014-04-18,24.3,32.7,27.12,70,96,86.71,0.132,0,17.216
PR,2014-04-19,23.8,34.5,27.5,69,95,87.21,0.071,0.5,15.625
PR,2014-04-20,24,33.2,27.2,73,97,90.25,0.046,0.65,11.491
PR,2014-04-21,24.2,35.3,28.3,60,96,83.38,0.108,0.35,19.059
PR,2014-04-22,23.7,33.8,27.68,66,96,87.68,0.102,0,14.107
PR,2014-04-23,23.8,34.5,28.43,65,96,85.04,0.142,0,17.644
PR,2014-04-24,25.6,32.9,28.34,72,95,87.13,0.091,0,12.851
PR,2014-04-25,22.7,31.8,26.26,76,97,90.21,0.024,25.75,14.136
PR,2014-04-26,22,27.5,24.96,85,96,92.92,0.059,3.95,7.938
PR,2014-04-27,22.4,35.3,27.66,57,97,83.04,0.028,8.05,20.704
PR,2014-04-28,23.3,30.4,25.88,82,96,92.21,0.021,12.1,8.735
PR,2014-04-29,23.7,34.5,27.9,64,97,86.71,0.059,0.7,16.475
PR,2014-04-30,24.6,33.4,27.41,72,96,89.46,0.015,2.75,11.969
PR,2014-05-01,23.1,32.4,27.42,68,95,85.17,0.116,0,18.375
PR,2014-05-02,22.7,29.1,25.02,83,97,93.42,0.056,0,7.032
PR,2014-05-03,22.2,35.3,28.03,60,97,84.13,0.009,24.3,22.532
PR,2014-05-04,24.4,36.3,29.32,62,96,84.04,0.024,0,19.469
PR,2014-05-05,22.9,34.3,26.4,71,96,89.46,0.068,8.35,14.708
PR,2014-05-06,23.4,31.1,25.36,83,97,94.13,0.044,15.65,8.234
PR,2014-05-07,24.2,33.5,26.44,73,97,91.67,0.041,25.35,13.444
PR,2014-05-08,24.7,31.4,27.11,78,97,91.33,0.051,5.25,11.491
PR,2014-05-09,24.7,34.7,27.95,67,96,87.13,0.066,1.95,19.433
PR,2014-05-10,24.4,33.6,27.77,73,96,89.5,0.014,0.95,11.789
PR,2014-05-11,23.7,33.8,28.27,70,95,85.42,0.005,0,18.728
PR,2014-05-12,24.4,35,27.99,65,96,87.88,0.053,0,15.298
PR,2014-05-13,23.5,31.3,26.53,74,96,88.92,0.025,1.3,14.787
PR,2014-05-14,22.6,32.4,25.63,75,97,91.75,0.045,26,10.709
PR,2014-05-15,22.8,32.3,26.61,72,97,89.33,0.009,32.4,16.122
PR,2014-05-16,23.6,34.3,27.56,70,96,86.67,0.075,0,17.62
PR,2014-05-17,22.5,35,28,63,96,84.71,0.005,0,20.743
PR,2014-05-18,24.3,34,27.79,70,96,88.29,0.091,0,14.909
PR,2014-05-19,24,34.3,28.1,72,96,87.67,0.095,0,16.418
PR,2014-05-20,22.3,29.6,25.32,80,96,90.63,0.051,1.8,9.076
PR,2014-05-21,22.6,31.8,26.74,75,96,87.25,0.034,0,12.793
PR,2014-05-22,23.3,33.1,27.24,77,95,87.46,0.024,0,12.477
PR,2014-05-23,23.2,35.8,27.89,64,96,86.33,0.034,0,16.526
PR,2014-05-24,23.7,35.1,28.58,64,96,84.08,0.024,0,19.266
PR,2014-05-25,23.1,37.3,28.95,53,95,80.79,0.039,0,21.899
PR,2014-05-26,24.42,30.05,26.75,,,89.69,1.65,6.55,17.21
PR,2014-05-27,24.52,29.98,26.73,,,89.93,1.72,52.2,19.37
PR,2014-05-28,24.12,28.09,25.64,,,93.3,1.69,1,17.39
PR,2014-05-29,23.69,28.59,25.71,,,88.68,1.49,6.45,19.613
PR,2014-05-30,23.4,29.23,25.88,,,86.64,1.11,5.85,20.92
PR,2014-05-31,23.6,34.3,27.53,70,95,87.25,0.05,0,16.82
PR,2014-06-01,23.1,28.6,25.28,85,94,91,0.08,0,8.705
PR,2014-06-02,22.1,33.8,27.45,67,94,83.13,0.019,0,21.071
PR,2014-06-03,22.4,32.7,26.66,65,93,84.46,0.023,23.45,19.584
PR,2014-06-04,23.3,33.9,27.3,71,92,85.58,0.038,0,17.043
PR,2014-06-05,23.8,32.2,27.16,76,91,86,0.076,0,13.373
PR,2014-06-06,22.9,30.4,25.93,80,91,87.96,0.065,13.6,26.307
PR,2014-06-07,21.9,29.9,25.15,79,91,86.96,0.025,5.5,18.216
PR,2014-06-08,23.2,30.8,26,79,90,86.71,0.045,0,11.735
PR,2014-06-09,23.3,33.8,27.15,67,90,83.21,0.049,0,18.252
PR,2014-06-10,22.8,32.1,26.37,74,89,85.42,0.089,28.15,15.589
PR,2014-06-11,22.8,32.7,25.48,77,90,86.75,0.025,26.4,12.872
PR,2014-06-12,22.3,32.5,25.66,75,90,86.46,0.049,14.7,16.212
PR,2014-06-13,24,33.1,27,74,89,85.25,0.117,6.95,16.209
PR,2014-06-14,24.6,32.4,26.9,73,88,84.88,0.127,0.85,15.366
PR,2014-06-15,23.5,32.9,27.4,69,89,82,0.069,0,18.109
PR,2014-06-16,23.2,32.7,26.25,72,89,85.52,0.086,0,13.757
PR,2014-06-17,23,30.1,25.85,81,90,87.08,0.117,4,12.913
PR,2014-06-18,23.6,29.9,26.31,76,89,84.96,0.024,0.5,14.946
PR,2014-06-19,22.3,33,26.49,71,90,84.63,0.05,0,17.076
PR,2014-06-20,24.1,33.3,27.66,71,90,84.21,0.084,2.15,17.663
PR,2014-06-21,24.4,32.3,27.69,74,89,84.21,0.154,0,15.65
PR,2014-06-22,21.7,28.6,24.98,79,89,87.08,0.059,0,9.238
PR,2014-06-23,22.6,30.2,25.91,81,90,86.5,0.102,5.45,12.355
PR,2014-06-24,23.4,31,26,82,90,87.79,0.081,19.1,12.005
PR,2014-06-25,23.7,31.8,26.78,73,91,85.33,0.148,10,18.162
PR,2014-06-26,22.3,33.1,26.46,64,91,84.13,0.052,0,17.273
PR,2014-06-27,22.7,31.8,26.33,76,91,87,0.138,24.05,17.95
PR,2014-06-28,23.9,28.7,25.05,87,92,90.79,0.045,22.95,5.463
PR,2014-06-29,23.3,33.6,26.76,69,93,87.17,0.056,0,19.779
PR,2014-06-30,24.1,31.8,27.1,77,91,86.5,0.076,0,16.692
PR,2014-07-01,24.3,29.7,25.29,84,90,88.46,0.056,61.9,7.089
PR,2014-07-02,23.1,33.2,26.51,72,90,85.21,0.023,20.15,14.765
PR,2014-07-03,22.3,29.2,25.55,84,87,85.92,0.111,45.75,8.216
PR,2014-07-04,22.3,30.3,25.56,80,87,84.92,0.142,49.4,14.431
PR,2014-07-05,23.9,30.2,26.22,79,86,83.92,0.096,0,13.316
PR,2014-07-06,22.7,27.2,24.3,85,86,85.33,0.021,13,4.615
PR,2014-07-07,23.4,30.1,25.85,77,87,84.13,0.163,0.25,16.763
PR,2014-07-08,23.3,28.1,25.24,82,86,85.38,0.039,1.95,7.445
PR,2014-07-09,23.6,30.7,25.78,78,87,85.25,0.059,1.75,11.419
PR,2014-07-10,22.4,32.4,26.43,69,87,82.42,0.091,0,16.95
PR,2014-07-11,23.2,31.8,26.45,74,87,83.83,0.086,1.9,13.448
PR,2014-07-12,23,30.2,25.67,78,87,85.46,0.035,0,10.088
PR,2014-07-13,23.7,28.2,25.34,85,87,86.33,0.09,12.85,9.71
PR,2014-07-14,23.8,31.3,26.77,78,87,84.25,0.086,0.04,14.172
PR,2014-07-15,21.6,31.7,25.95,75,88,85.13,0.168,20.6,14.031
PR,2014-07-16,21.7,27.9,24.43,86,90,88.08,0.117,19.3,6.693
PR,2014-07-17,24.4,30.1,25.63,78,87,86,0.153,15.55,10.922
PR,2014-07-18,22.6,29.3,24.93,82,88,86.63,0.123,0,10.504
PR,2014-07-19,22.4,29.6,25.44,80,87,85.58,0.124,0.5,14.316
PR,2014-07-20,23.3,30.4,25.77,78,87,85.33,0.108,3.5,12.16
PR,2014-07-21,23.3,29.4,25.91,82,87,85.54,0.076,0,10.178
PR,2014-07-22,23.1,30.7,25.88,74,87,84.13,0.164,13.3,13.697
PR,2014-07-23,22.2,30.3,25.58,76,87,84.08,0.178,2.5,14.718
PR,2014-07-24,23.3,29.8,25.5,79,87,85.79,0.102,0,9.367
PR,2014-07-25,23.6,26.4,24.35,86,87,86.13,0.025,29.15,5.092
PR,2014-07-26,23.7,29.7,25.58,81,87,85.67,0,0,10.962
PR,2014-07-27,24.1,29.6,25.65,83,87,85.17,0.112,20.2,13.988
PR,2014-07-28,23.7,29.9,25.27,80,87,85.25,0,7.6,9.824
PR,2014-07-29,24,28.2,25.38,85,86,85.42,0.075,4.1,10.459
PR,2014-07-30,23.9,26.9,24.93,84,86,84.71,0.054,9.65,5.254
PR,2014-07-31,23.7,25.8,24.36,83,84,83.67,0.051,11.25,5.002
PR,2014-08-01,23,25.4,24.18,83,85,83.83,0.059,20.8,4.826
PR,2014-08-02,23.8,27.8,25.01,82,86,84.33,0.112,2.6,8.741
PR,2014-08-03,23.4,28.6,25.38,82,86,83.63,0.097,0.45,10.638
PR,2014-08-04,23.2,28.4,24.83,82,86,83.63,0.112,0,6.989
PR,2014-08-05,21.4,27.6,24.15,82,86,84.25,0.159,59.5,8.647
PR,2014-08-06,22.9,29.2,25.25,81,86,83.83,0.127,15,11.977
PR,2014-08-07,23.8,29.8,25.91,79,86,82.92,0.17,4.15,13.211
PR,2014-08-08,22.6,30.1,25.46,79,86,83.5,0.142,0,12.865
PR,2014-08-09,22.4,30.3,25.59,74,87,82.25,0.153,0,16.26
PR,2014-08-10,20.7,30.6,24.72,75,86,83.29,0.101,1,14.945
PR,2014-08-11,21.1,29.7,25.07,77,87,83.04,0.184,0,13.52
PR,2014-08-12,21.6,27.7,24.21,83,86,84.63,0.181,0,9.363
PR,2014-08-13,22.4,29.2,24.74,80,98,86.71,0.288,1.85,10.372
PR,2014-08-14,22.1,30,25.24,71,99,89,0.3,2.3,12.66
PR,2014-08-15,21.4,28.5,24.56,81,99,92.13,0.359,3.15,11.033
PR,2014-08-16,23.3,30.1,25.69,73,99,89.83,0.356,3.75,11.296
PR,2014-08-17,23.1,30.3,25.7,72,98,88.75,0.28,0,11.923
PR,2014-08-18,22.8,27.9,24.39,84,99,95.38,0.244,4,6.298
PR,2014-08-19,23.4,29.2,25.53,81,100,89.78,0.126,3.45,11.656
PR,2014-08-20,23.7,28.3,25.06,83,99,94.79,0.091,0.5,10.695
PR,2014-08-21,22.6,27.6,24.01,85,99,96.83,0.06,15.35,6.23
PR,2014-08-22,22.4,25.4,23.56,,,92.19,0.086,19.45,4.03
PR,2014-08-23,22.6,29.8,25.06,,,89.99,0.13,10.9,12.11
PR,2014-08-24,21.8,30.9,25.46,,,88.59,0.122,0.15,13.683
PR,2014-08-25,21.4,28.9,25.03,,,93.79,0.225,13.1,10.429
PR,2014-08-26,21.2,28.2,23.74,84,99,94.71,0.06,40.55,10.897
PR,2014-08-27,22.8,30.2,25.44,72,100,91.42,0.051,1.65,11.034
PR,2014-08-28,21.7,30.4,25.39,71,99,90.38,0.148,0,13.455
PR,2014-08-29,23.1,27.5,24.96,87,98,95,0.095,9.9,5.643
PR,2014-08-30,23.9,26.7,24.98,89,99,96.17,0.075,8.8,6.457
PR,2014-08-31,23.9,26.6,24.54,89,99,96.83,0.083,11.25,5.798
PR,2014-09-01,23.9,27.9,25.04,85,99,95.71,0.141,24.55,8.13
PR,2014-09-02,23,29.8,25.63,,,88.62,0.199,9.65,14.552
PR,2014-09-03,22,28.3,24.59,,,89.51,0.122,10.25,9.224
PR,2014-09-04,22.9,29.3,24.58,79,100,93.79,0.113,1.02,9.13
PR,2014-09-05,23,29.5,25.19,81,99,93.75,0.178,12.05,10.461
PR,2014-09-06,23.7,28.1,25.21,87,99,95.08,0.053,11.6,9.594
PR,2014-09-07,23.9,28.5,25.44,83,100,94.71,0.144,2,10.612
PR,2014-09-08,23.7,29.9,25.67,71,99,88.63,0.069,0,15.557
PR,2014-09-09,22.6,28.4,24.31,83,99,95.63,0.166,1,7.742
PR,2014-09-10,22.9,30.4,25.2,78,100,93.96,0.226,0,10.861
PR,2014-09-11,22,28.02,24.67,,,90.66,1.76,0,12.06
PR,2014-09-12,22.58,27.86,24.61,,,91.2,1.59,25.05,18.97
PR,2014-09-13,23.4,30.5,25.44,79,99,93.75,0.231,0,11.063
PR,2014-09-14,23.1,28.7,25.32,82,100,94.27,0.198,0.35,8.537
PR,2014-09-15,22.9,32.2,25.98,69,100,92.04,0.199,14.85,12.808
PR,2014-09-16,21.8,25.8,23.52,92,99,96.96,0.157,12.1,6.053
PR,2014-09-17,20.8,32.2,25.58,72,100,89.33,0.326,0.75,19.623
PR,2014-09-18,23.6,30.9,26.05,73,99,91,0.265,0.9,11.966
PR,2014-09-19,23.7,30.4,26.41,74,99,89.68,0.319,0.7,12.768
PR,2014-09-20,22.87,26.66,24.18,,,93.72,1.76,8.7,12.64
PR,2014-09-21,22.51,26.34,24.08,,,93.52,1.43,23.3,14.69
PR,2014-09-22,22.16,29.08,25.24,,,88.6,1.54,5.95,17.46
PR,2014-09-23,22.9,31.3,24.83,76,99,95.38,0.188,7.2,9.032
PR,2014-09-24,22.8,31,25.2,76,100,93.38,0.208,13.05,13.351
PR,2014-09-25,22.3,29.5,24.39,79,100,95,0.144,0,8.663
PR,2014-09-26,22.3,29.9,24.41,76,100,95.13,0.229,28.25,9.911
PR,2014-09-27,22.2,24.7,23.17,96,100,98.79,0.149,1.8,3.03
PR,2014-09-28,20.6,26.8,22.82,94,100,98,0.164,64.3,4.819
PR,2014-09-29,20.8,29.8,24.84,76,100,88.95,0.059,1.8,16.346
PR,2014-09-30,21.4,31.4,24.89,78,100,93.75,0.138,79.5,13.556
PR,2014-10-01,23.6,29.1,24.9,89,99,97.17,0.03,12.35,8.821
PR,2014-10-02,22,26.3,23.82,,,93.06,0.029,15.6,6.316
PR,2014-10-03,22.1,32.3,26.11,,,92.43,0.087,5.6,20.135
PR,2014-10-04,22.1,32.7,25.88,69,100,91.08,0.035,0,15.503
PR,2014-10-05,22.9,33.5,26.65,73,100,90.13,0.051,0.25,15.069
PR,2014-10-06,23.4,28.9,25.76,82,99,93.75,0.045,0,9.965
PR,2014-10-07,22.9,33.2,26.28,,,92.04,0.009,2.1,15.111
PR,2014-10-08,22.7,34.2,27.13,,,90.79,0.091,0.95,17.615
PR,2014-10-09,22.9,33.3,26.71,,,91.27,0.097,2.35,17.065
PR,2014-10-10,22.7,33.1,26.2,,,93.35,0.06,36.5,15.031
PR,2014-10-11,22.2,30.1,25.21,,,93.25,0.014,39.6,13.47
PR,2014-10-12,23.6,28.4,25.6,,,90.91,0.019,2.55,8.46
PR,2014-10-13,22.1,31.1,26.11,,,87.82,0.034,0,13.996
PR,2014-10-14,22.3,32.7,25.75,70,99,90.58,0.075,12.7,11.868
PR,2014-10-15,22.1,33.6,25.8,,,91.03,0.08,30,21.096
PR,2014-10-16,21.9,33.8,26.33,,,90.43,0.064,10.3,16.91
PR,2014-10-17,22.1,30.3,24.18,,,93.3,0.056,0,8.385
PR,2014-10-18,21.8,27.8,23.93,,,94.53,0.045,0.6,5.531
PR,2014-10-19,22.1,27.8,23.8,,,89.43,0.035,2.45,7.705
PR,2014-10-20,21.9,34.3,26.75,,,84.39,0,4.4,22.052
PR,2014-10-21,22.2,34.8,26.86,,,87.71,0.024,0,20.801
PR,2014-10-22,21.3,34.1,25.6,,,91.21,0.02,0,15.701
PR,2014-10-23,23.1,31.8,25.32,,,94.07,0.045,21.7,11.621
PR,2014-10-24,22.9,30.8,25.88,,,93.25,0.039,24.45,13.164
PR,2014-10-25,22.4,30.7,25.03,,,92.35,0.045,0,11.656
PR,2014-10-26,22.4,33.3,25.64,,,92.5,0.066,14.25,12.679
PR,2014-10-27,22,32.8,26.16,,,91.93,0.039,6,13.766
PR,2014-10-28,23.1,28.28,25.3,,,92.29,1.31,0,14.83
PR,2014-10-29,23.3,33.2,27.22,,,91.71,0.038,5.2,17.687
PR,2014-10-30,21.3,25.7,23.59,,,92.7,0.015,13.25,3.818
PR,2014-10-31,21.9,32.6,26.11,,,90.91,0.06,0,14.727
PR,2014-11-01,21.4,34.1,26.38,,,90.39,0.069,36,19.412
PR,2014-11-02,22.4,34.4,26.77,,,92.53,0.03,1.6,21.336
PR,2014-11-03,23.9,34,26.21,,,87.71,0.045,4.65,13.654
PR,2014-11-04,22.4,33.6,26.31,,,94.16,0.05,40.75,17.738
PR,2014-11-05,22.3,25.4,24.1,,,94.73,0.019,18,5.391
PR,2014-11-06,23.4,30.6,26.1,,,88.18,0,0.01,13.006
PR,2014-11-07,21.4,33.7,26.5,,,86.56,0.005,0.65,16.59
PR,2014-11-08,24.2,34,27.68,,,89.11,0.036,0,15.914
PR,2014-11-09,23.6,33.8,26.96,,,90.8,0.069,0,15.626
PR,2014-11-10,24.2,31.9,26.77,,,93.37,0.118,0,14.011
PR,2014-11-11,23.6,29.3,26.13,,,92.13,0.015,0,7.715
PR,2014-11-12,23,33.7,27.17,,,91.27,0.02,0,17.577
PR,2014-11-13,22.8,34.4,27.06,,,92.17,0.044,0,16.943
PR,2014-11-14,23.7,34.1,27.67,,,89.92,0.069,0,16.885
PR,2014-11-15,22.7,34.1,26.13,,,90.39,0.06,7.85,14.831
PR,2014-11-16,21,33.4,25.99,,,92.27,0.054,4.3,16.41
PR,2014-11-17,22.2,31.7,25.79,,,94.59,0.065,0,12.261
PR,2014-11-18,23.2,32.4,25.2,,,88.95,0.029,41,11.044
PR,2014-11-19,21.8,33.2,25.05,,,90.86,0.02,10.5,14.91
PR,2014-11-20,21.2,33.9,26.08,,,88.42,0.604,0.05,18.443
PR,2014-11-21,21.9,34.1,26.8,,,87.7,0,0,19.102
PR,2014-11-22,23.4,34.3,27.51,,,84.62,0,0,16.762
PR,2014-11-23,23.2,34.2,27.55,,,90.39,0,0,16.485
PR,2014-11-24,23.1,34.4,27.23,,,90.53,0.034,0,16.273
PR,2014-11-25,23.1,33.8,27,,,88.03,0.024,0,14.535
PR,2014-11-26,23.4,33.7,26.98,,,88.59,0.031,0,15.529
PR,2014-11-27,22.7,33.7,26.62,,,89.77,0.005,0,14.268
PR,2014-11-28,23.2,34.2,27.19,,,88.99,0,0,15.841
PR,2014-11-29,20.8,34.8,27.17,,,83.69,0,0,19.307
PR,2014-11-30,22.5,35.1,27.41,,,87.35,0.009,0,16.557
PR,2014-12-01,23.3,34.6,27.31,,,86.76,0.023,0,15.129
PR,2014-12-02,23.6,34.6,27.96,,,90.95,0.039,0,16.072
PR,2014-12-03,24.1,35.1,27.5,,,87.54,0.03,7.2,16.478
PR,2014-12-04,23.1,35.7,27.5,,,85.42,0.054,43.5,19.462
PR,2014-12-05,21.6,34,26.85,,,87.49,0,42.1,15.665
PR,2014-12-06,22.4,35.1,27.66,,,86.82,0.009,0,17.389
PR,2014-12-07,23.1,35.1,27.63,,,87.43,0.024,0,16.723
PR,2014-12-08,22.8,34.2,27.55,,,87.43,0.053,0,17.633
PR,2014-12-09,23.2,34.9,27.34,,,87.29,0.035,0,17.597
PR,2014-12-10,23.2,35.3,27.52,,,87.56,0.03,0,17.41
PR,2014-12-11,22.5,33.9,26.36,,,93.18,0.06,10.45,14.549
PR,2014-12-12,21.9,33.5,26.33,,,86.61,0.02,2.95,15.05
PR,2014-12-13,21.8,32.3,25.78,,,80.52,0.024,7.85,16.723
PR,2014-12-14,19.1,32.6,24.99,,,76.05,0,0,15.122
PR,2014-12-15,19.5,33.1,25.36,,,84.5,0,0,14.568
PR,2014-12-16,20.8,33.6,26.18,,,85.15,0,0,15.208
PR,2014-12-17,21.3,33.8,26.19,,,83.23,0,0,14.722
PR,2014-12-18,21.5,34.3,26.9,,,84.16,0,0,15.1
PR,2014-12-19,21.9,34,27.07,,,87.71,0,0,14.046
PR,2014-12-20,23.1,34.3,27.52,,,85.69,0,0,14.708
PR,2014-12-21,23.6,34.8,27.62,,,84.14,0.005,0,14.808
PR,2014-12-22,22.35,29.51,25.62,,,73.02,1.4,0,19.55
PR,2014-12-23,20.69,29.44,24.65,,,73.11,1.51,0,19.675
PR,2014-12-24,16.9,33.9,23.94,,,66.41,0.035,0,16.234
PR,2014-12-25,17.1,32.8,23.96,,,65.83,0.005,0,14.596
PR,2014-12-26,17.7,32.6,23.93,,,66.26,0.023,0,14.362
PR,2014-12-27,18.2,34.1,24.92,,,69.41,0.009,0,14.952
PR,2014-12-28,19.7,34,25.7,,,74.58,0.02,0,14.906
PR,2014-12-29,18.7,35.5,25.79,,,81.64,0.009,0,15.398
PR,2014-12-30,21.3,32.6,26.13,,,86.48,0.025,0,13.308
PR,2014-12-31,21.3,34.7,26.45,,,78.74,0,0,14.765
PR,2015-01-01,21.1,34.2,26.39,,,79.94,0.019,0,15.305
PR,2015-01-02,19.6,34.6,26.3,,,77.64,0.009,0,14.945
PR,2015-01-03,19.6,32.4,24.65,,,71.78,0.076,0,14.337
PR,2015-01-04,17.3,32.9,23.29,,,61.9,0.098,0,15.719
PR,2015-01-05,14.1,31.5,21.9,,,60.86,0.08,0,14.355
PR,2015-01-06,15.8,31.4,22.6,,,63.81,0.066,0,13.707
PR,2015-01-07,16.4,33.8,23.71,,,65.75,0.128,0,15.5
PR,2015-01-08,16,34.3,23.7,,,65.09,0.09,0,15.413
PR,2015-01-09,14.3,33,22.26,,,63.17,0.139,0,14.788
PR,2015-01-10,11.8,33.6,22.18,,,60.18,0.106,0,16.604
PR,2015-01-11,13.9,31.8,22.18,,,55.24,0.139,0,15.359
PR,2015-01-12,12.6,33.7,21.91,,,55,0.134,0,17.174
PR,2015-01-13,11.8,33.9,21.81,,,59.03,0.112,0,16.918
PR,2015-01-14,13.3,34.8,22.76,,,62.89,0.054,0,15.813
PR,2015-01-15,14.8,35.5,23.31,,,62.65,0.045,0,15.744
PR,2015-01-16,16.6,35,24.01,,,66.15,0.024,0,15.14
PR,2015-01-17,17.6,32.4,24.42,,,76.09,0.051,0,13.92
PR,2015-01-18,18.7,33.2,25.25,,,82.46,0.045,0,13.603
PR,2015-01-19,21.2,33,25.86,,,84.97,0.105,0,14.043
PR,2015-01-20,20.5,34.1,26.23,,,83.83,0.082,0,14.164
PR,2015-01-21,22,34.1,26.55,,,84.29,0.093,0,12.977
PR,2015-01-22,21.9,33.9,26.9,,,85.21,0.095,0,12.959
PR,2015-01-23,23.2,33.9,27.21,,,85.48,0.117,0,11.677
PR,2015-01-24,23.1,34.7,27.64,,,86.75,0.164,0,15.356
PR,2015-01-25,23.1,33.9,27.52,,,89.27,0.123,0,14.262
PR,2015-01-26,23.3,33.9,27.02,,,89.26,0.061,0,10.67
PR,2015-01-27,23.9,32.4,26.98,,,89.11,0.045,0,8.938
PR,2015-01-28,24.5,33.6,27.81,,,86.74,0.08,0,13.923
PR,2015-01-29,24.4,33.9,27.93,,,87.26,0.166,0,14.711
PR,2015-01-30,23.3,34.2,27.54,,,87.48,0.111,0,13.347
PR,2015-01-31,23.2,34.7,27.65,,,88.22,0.094,0,15.208
PR,2015-02-01,23.9,34.3,27.93,,,87.98,0.087,0,14.394
PR,2015-02-02,24.2,35.3,28.32,,,86.09,0.159,0,16.719
PR,2015-02-03,23.8,35,28.2,,,85.88,0.132,0,16.629
PR,2015-02-04,23.8,34.6,28.04,,,85.09,0.102,0,15.068
PR,2015-02-05,23.3,35.6,28.33,54,98,81.58,0.164,0,18.238
PR,2015-02-06,23.5,34.8,28.09,58,98,81.38,0.142,0,16.967
PR,2015-02-07,23.4,35.1,28.05,59,97,83.13,0.185,0,16.205
PR,2015-02-08,23.8,36,28.47,56,98,83.08,0.153,0,16.579
PR,2015-02-09,23.4,35.4,28.3,58,91,80.21,0.127,0,15.194
PR,2015-02-10,23.6,35.4,28.41,53,98,80.79,0.118,0,15.057
PR,2015-02-11,23.2,34.4,27.98,54,97,82.46,0.132,0,11.559
PR,2015-02-12,23.8,35.2,28.33,59,94,81.67,0.142,0,15.24
PR,2015-02-13,23.9,35,28.35,55,97,81.33,0.139,0,16.431
PR,2015-02-14,24.1,35.1,28.2,57,97,82.04,0.109,0,15.122
PR,2015-02-15,22.7,35.3,27.71,57,97,81.46,0.154,0,15.949
PR,2015-02-16,22.5,35.6,27.88,57,96,81.75,0.192,0,19.159
PR,2015-02-17,22.9,35.7,28.23,57,97,81.46,0.167,7.25,19.562
PR,2015-02-18,22.5,28.8,25.25,77,97,90.79,0.014,0,6.766
PR,2015-02-19,22.3,33.8,27.16,57,97,80.63,0.054,0,17.332
PR,2015-02-20,23.5,35.1,27.04,54,97,85.21,0.256,10.3,11.833
PR,2015-02-21,22.8,34,27.35,62,98,85.08,0.307,0,10.216
PR,2015-02-22,23.3,33.7,27.86,63,96,83.17,0.28,0,9.368
PR,2015-02-23,24.9,34.6,28.63,56,96,81.67,0.28,0,12.002
PR,2015-02-24,25.2,35.6,29.03,51,97,81.13,0.235,0,11.39
PR,2015-02-25,26,34.9,28.93,54,96,82.13,0.25,0,10.268
PR,2015-02-26,23.9,30.3,27.04,78,96,88.5,0.196,0,5.827
PR,2015-02-27,21.8,33.3,25.79,66,98,91.58,0.231,10.75,9.062
PR,2015-02-28,21.2,34.3,26.6,56,99,84.08,0.162,0,17.216
PR,2015-03-01,24.1,31.9,27.4,71,98,87.75,0.213,0,11.037
PR,2015-03-02,24.1,34.4,28.34,55,98,82.58,0.214,3.75,17.8
PR,2015-03-03,24.7,34.7,27.88,58,98,84.67,0.182,0,14.633
PR,2015-03-04,23.3,34.5,27.99,56,97,81.96,0.207,0,15.838
PR,2015-03-05,24.4,35.6,28.65,50,97,80.83,0.182,0,15.726
PR,2015-03-06,25.2,35.2,29.1,48,97,80.88,0.147,0,15.258
PR,2015-03-07,25.1,35,28.88,63,97,83.75,0.265,0,14.924
PR,2015-03-08,25.3,35,28.33,65,97,85.42,0.255,0,13.985
PR,2015-03-09,23.6,33.6,27.55,67,97,86.42,0.081,0,16.331
PR,2015-03-10,23.6,34.7,28.29,59,97,81.67,0.13,0,18.4
PR,2015-03-11,23.8,35.2,27.93,65,97,86.08,0.02,0,14.58
PR,2015-03-12,24.1,35.3,28.69,60,98,83.46,0.02,0,17
PR,2015-03-13,22.8,33.1,27.69,,,85.78,0.05,0,14.38
PR,2015-03-14,23.3,35.6,27.8,,,84.81,0.02,0,13.64
PR,2015-03-15,23.7,35.5,28.6,,,88.08,0.11,0.15,17.09
PR,2015-03-16,25.9,34.2,29.11,,,86.98,0.09,2.15,14.06
PR,2015-03-17,23.2,33.9,25.92,69,98,91.58,0.02,8.05,9.22
PR,2015-03-18,22.6,33.9,27.28,67,98,87.42,0.01,0,15.51
PR,2015-03-19,24.4,34.6,28.5,57,99,83.83,0.09,0,18.31
PR,2015-03-20,24,35.1,28.9,63,98,83.17,0.09,0,17.14
PR,2015-03-21,23.8,35.3,27.16,64,97,88.54,0.08,0,11.68
PR,2015-03-22,22.8,30.4,26.21,80,98,90.38,0.02,4.5,10.7
PR,2015-03-23,24.3,34.7,28.56,58,98,82.08,0.03,0,18.56
PR,2015-03-24,24.5,35.6,28.37,59,98,84.58,0.12,0,19.46
PR,2015-03-25,23.3,34.3,26.24,76,98,92.33,0.06,29.5,10.17
PR,2015-03-26,23.6,34.2,27.86,59,98,84.17,0,0,19.41
PR,2015-03-27,23.9,32.1,26.37,75,98,91.75,0.02,0,7.88
PR,2015-03-28,24.3,34.5,28.16,65,99,85.79,0.07,0.35,18.54
PR,2015-03-29,24.2,34.1,27.29,67,97,86.42,0.07,0,12.6
PR,2015-03-30,22.8,32.4,26.56,65,98,85.5,0.07,0,13.48
PR,2015-03-31,23.2,29.4,26.04,75,97,89.46,0,10.25,9.77
PR,2015-04-01,23.7,34,27.65,64,97,84.83,0,0,16.15
PR,2015-04-02,23.8,34.9,28.43,55,97,82.25,0,0,19.12
PR,2015-04-03,23.7,34.9,28.04,58,98,83.63,0.03,10.4,17.09
PR,2015-04-04,23.7,33.7,28,63,97,83.58,0.03,0,16.48
PR,2015-04-05,23.6,34.2,26.93,66,98,89.29,0.06,18.6,12.87
PR,2015-04-06,23.2,33.8,27.49,61,99,83.13,0.02,0,20.71
PR,2015-04-07,23.3,32.9,26.3,67,97,88.42,0.02,8,11.68
PR,2015-04-08,22.7,34.3,27.64,65,99,84.88,0.05,0,18.63
PR,2015-04-09,21.9,33.8,27.25,61,98,87.13,0.16,12.8,17.75
PR,2015-04-10,21.9,32.2,25.79,67,99,88.88,0.02,0,13.64
PR,2015-04-11,23.6,32.7,26.16,72,99,92.96,0.03,9,9.77
PR,2015-04-12,22.9,32.4,26.78,72,98,88.38,0,15.75,15.5
PR,2015-04-13,24.2,33.5,28.25,67,98,88.67,0,0,14.4
PR,2015-04-14,24.3,35,28.84,53,99,83.83,0,0,18.15
PR,2015-04-15,24.8,34.9,28.78,60,99,85.33,0.02,0.35,18.31
PR,2015-04-16,24,34.4,28.12,60,98,85.71,0.06,6.7,18.32
PR,2015-04-17,23.5,35.4,28.21,61,97,85.46,0.01,0,17.91
PR,2015-04-18,24.5,35.6,29,57,98,83.21,0,0,18.22
PR,2015-04-19,24.4,36.6,28.99,51,98,82.75,0.03,2.4,20.51
PR,2015-04-20,24.9,35.2,28.62,56,98,84.63,0.04,0,17.58
PR,2015-04-21,23.9,35.9,29.13,58,98,83.21,0.03,0,19.68
PR,2015-04-22,24.8,35.6,29.13,60,98,83.54,0.08,0,18.67
PR,2015-04-23,24.1,33.1,28.23,70,95,84.58,0.05,0,16.17
PR,2015-04-24,25,34.3,28.18,63,98,84.88,0.05,0,16.48
PR,2015-04-25,24.1,34.8,27.81,63,98,85.08,0.08,3,16.2
PR,2015-04-26,21.8,26.7,23.88,84,97,92.96,0.02,0,5.22
PR,2015-04-27,20.1,34.1,26.12,62,98,85.08,0.02,0,18.06
PR,2015-04-28,22,35.9,27.87,53,98,80.29,0.08,0,19.69
PR,2015-04-29,22.7,34.7,26.58,63,98,87.96,0.06,1.25,12.94
PR,2015-04-30,22.2,35.1,28,59,98,83.67,0.1,0,20.35
PR,2015-05-01,23.1,35.1,28.39,64,98,83.67,0.11,0,17.34
PR,2015-05-02,22.3,34.9,27.77,60,97,82.38,0.08,0,15.57
PR,2015-05-03,23.4,36.2,27.66,58,98,85.5,0.11,4.15,14.96
PR,2015-05-04,22.8,35.2,27.62,66,98,86.5,0.05,0,13.83
PR,2015-05-05,23.9,29.6,26.05,83,97,92.33,0.1,14.45,10.78
PR,2015-05-06,22.9,35.3,27.48,59,98,84.13,0.05,0,19.48
PR,2015-05-07,23.5,35.4,28.43,63,98,84.13,0.11,0,19.11
PR,2015-05-08,23,35,28.52,56,96,80.13,0.04,0,18.19
PR,2015-05-09,24.1,34.8,28.75,64,97,83.46,0.16,0,18.62
PR,2015-05-10,23.3,30.9,26.58,74,98,89.88,0.04,0,11.61
PR,2015-05-11,21.9,35.9,27.79,59,98,83.83,0.1,0,19.06
PR,2015-05-12,23.9,36.1,27.79,62,97,87,0.08,0,16.1
PR,2015-05-13,23.2,33.3,27.7,66,98,86,0,0,14.34
PR,2015-05-14,23.2,26.9,24.65,89,98,95.54,0.05,29.2,4.78
PR,2015-05-15,22.3,35.5,27.86,61,99,84.33,0,1.1,20.22
PR,2015-05-16,22.6,30.9,26.38,75,97,89.54,0.02,8.3,11.54
PR,2015-05-17,23.8,34.1,27.12,72,98,90.13,0.03,0.1,13.09
PR,2015-05-18,23.4,31.7,26.98,75,98,88.79,0,0,14.85
PR,2015-05-19,22.6,34.7,27.91,61,98,82.38,0.06,12.27,18.87
PR,2015-05-20,22.6,31.5,26.14,68,97,88.08,0.06,0,11.48
PR,2015-05-21,22.8,34.9,27.04,63,99,87.83,0.05,0,18.97
PR,2015-05-22,22.9,34.6,28.23,65,98,86.67,0.09,0,20.43
PR,2015-05-23,22.4,27.1,24.33,88,98,95.13,0.1,53.55,5.08
PR,2015-05-24,21.8,32.4,25.58,74,99,92.33,0.04,16.55,13.56
PR,2015-05-25,21.8,35.7,27.8,61,99,84.63,0,0,20.55
PR,2015-05-26,24.4,34.1,27.96,71,98,88.46,0.06,9.16,15.97
PR,2015-05-27,24.8,33.6,27.25,73,99,91.71,0.03,12.37,12.84
PR,2015-05-28,23.9,33.4,27.65,72,99,90.08,0.05,19.89,13.17
PR,2015-05-29,22.7,32.7,26.46,72,98,89.54,0.02,0,16.47
PR,2015-05-30,22.4,33.2,27.16,74,99,89.63,0.07,0,14
PR,2015-05-31,22.3,31.9,25.31,76,99,92.25,0.01,34.72,13.69
PR,2015-06-01,24.3,31.3,27.1,77,99,91.29,0.04,0.25,13.9
PR,2015-06-02,24.6,32.4,27.04,69,98,88.63,0.034,0,14.218
PR,2015-06-03,23.8,32.3,26.84,68,98,90,0.036,11.43,13.028
PR,2015-06-04,25.1,32.7,27.33,73,99,91.42,0.074,2.45,14.564
PR,2015-06-05,24.6,30.1,26.49,79,99,92.25,0.105,0,11.58
PR,2015-06-06,24.4,31.5,26.98,76,99,89.96,0.069,5.08,15.308
PR,2015-06-07,22.6,30,25.43,80,99,93,0.005,9.88,9.443
PR,2015-06-08,21.8,31.6,25.97,72,99,92.54,0.041,23.65,12.383
PR,2015-06-09,21.3,32.7,25.36,73,99,90.5,0.064,7.53,18.414
PR,2015-06-10,23.2,33.9,26.74,68,99,90.04,0.035,3.65,19.207
PR,2015-06-11,23.8,31.4,27,71,99,88.71,0.034,0,14.175
PR,2015-06-12,21.8,26.1,24.12,87,98,94.13,0.02,11.83,6.371
PR,2015-06-13,23.1,32.6,26.25,72,99,90.58,0.045,0,13.463
PR,2015-06-14,23.8,27.8,25.39,83,99,92.83,0,0,10.256
PR,2015-06-15,23.8,30.8,26.33,73,98,88.71,0.096,0,13.776
PR,2015-06-16,24.1,29.6,25.81,76,98,93.58,0.039,28.03,7.522
PR,2015-06-17,23.9,29.7,26.54,82,98,92.83,0.08,8.73,13.092
PR,2015-06-18,23.4,30.3,26.28,76,99,91.96,0.157,3.18,13.902
PR,2015-06-19,24.5,30.5,26.52,78,98,92.17,0.133,6.53,13.714
PR,2015-06-20,23.7,28.9,25.9,84,98,93.38,0.049,1.03,10.004
PR,2015-06-21,22.7,26.7,24.63,87,98,95.42,0.009,14.95,6.417
PR,2015-06-22,22.5,30.1,25.75,78,99,91.92,0.024,0.85,10.768
PR,2015-06-23,23.7,30.8,26.37,76,98,90.63,0.081,0.3,13.826
PR,2015-06-24,23.9,30.3,26.42,74,98,88.79,0.175,0.08,13.624
PR,2015-06-25,23.9,29.9,25.14,80,98,94.79,0.06,20.4,7.068
PR,2015-06-26,23.4,30.2,25.86,81,99,93.54,0.181,29.53,14.841
PR,2015-06-27,23.8,30.4,25.59,83,98,94.75,0.045,19.44,9.281
PR,2015-06-28,24,27.8,25.19,82,98,93.71,0.08,21.35,9.727
PR,2015-06-29,23.7,29.4,25.33,,,91.47,0.032,0.43,9.839
PR,2015-06-30,23.8,28.9,25.4,,,90.58,0.108,0,9.044
PR,2015-07-01,22.4,31.6,26.22,75,93,87.75,0.63,0,15.96
PR,2015-07-02,22.3,25.7,24.57,90,94,91.83,0.06,20.47,5.52
PR,2015-07-03,24.1,28.4,25.69,86,94,90.54,0.11,0,9.15
PR,2015-07-04,24.3,28.1,25.51,87,94,91.79,0.04,0,5.2
PR,2015-07-05,24.3,29.3,25.97,85,94,91.46,0.31,0.98,8.8
PR,2015-07-06,23.5,32.8,27.06,71,94,87.29,0.11,0,17.32
PR,2015-07-07,24.2,31.2,26.87,80,94,90.21,0.04,0,9.3
PR,2015-07-08,24.6,32.1,27.33,78,94,89.08,0.5,0,14.46
PR,2015-07-09,24.2,31.9,26.99,76,95,89.79,0.31,0,14.15
PR,2015-07-10,22.8,26,24.71,90,95,93.17,0.17,26.92,4.03
PR,2015-07-11,23.1,28.3,25.48,86,95,92.04,0.22,0.25,8.7
PR,2015-07-12,24.4,32.6,27.04,74,95,88.38,0.17,9.28,16.99
PR,2015-07-13,24.2,32,27.06,75,94,89.08,0.28,0,15.12
PR,2015-07-14,25.2,31.6,26.77,78,94,90.29,0.2,3.53,13.18
PR,2015-07-15,24.4,31.3,26.64,76,94,90.21,0.17,12.18,12.92
PR,2015-07-16,24.1,28.3,25.64,88,95,93.17,0.24,9.93,7.78
PR,2015-07-17,23.1,31.6,26.07,77,96,90.71,0.26,4.24,13.47
PR,2015-07-18,23.2,30.8,26.66,80,95,89.92,0.65,0,17.53
PR,2015-07-19,25.3,28.2,26.12,88,94,92.79,0.24,4.25,7.44
PR,2015-07-20,24.6,28.9,26,83,95,91.33,0.76,7.64,11.53
PR,2015-07-21,23.1,30.6,26.32,78,95,88.46,0.54,0.05,17.03
PR,2015-07-22,23.4,30.1,26.09,82,95,90.13,0.37,0,13.94
PR,2015-07-23,23.7,30.1,26.13,81,95,89.92,0.46,4,10.85
PR,2015-07-24,23.7,25.6,24.47,93,96,94.75,0.06,67.1,2.65
PR,2015-07-25,23.6,28.3,24.93,87,96,93.83,0.17,0.5,9.27
PR,2015-07-26,23.3,28.2,25.03,88,95,93.21,0.24,18.98,6.46
PR,2015-07-27,23.3,25.8,24.5,93,95,94.46,0.13,17.68,2.43
PR,2015-07-28,22.8,27.9,24.71,84,96,91.71,0.13,4.93,7.82
PR,2015-07-29,21.3,29.4,24.87,77,95,89.13,0.35,0.25,13.38
PR,2015-07-30,22.6,29.2,25.1,78,95,89.58,0.56,0,12.9
PR,2015-07-31,23.1,30.5,25.94,78,95,89.08,0.26,1.13,12.7
PR,2015-08-01,23.5,29.8,25.98,83,94,89.46,0.39,0,10.66
PR,2015-08-02,23.7,29.7,25.73,80,95,91.08,0.35,1.63,11.04
PR,2015-08-03,23.6,29.6,25.66,84,94,91.58,0.26,6.13,10.53
PR,2015-08-04,22.8,28.6,24.79,88,95,92.96,0.2,25.05,7.2
PR,2015-08-05,21.4,29.9,25.35,80,95,90,0.35,0,15.51
PR,2015-08-06,22.2,31.1,25.56,79,94,89.42,0.28,0,11.99
PR,2015-08-07,22.4,28.3,25.15,88,94,91.88,0.37,3.8,8.52
PR,2015-08-08,23.9,28.2,25.37,87,94,91.92,0.17,0,8.66
PR,2015-08-09,23.8,27.7,25.16,88,93,91.75,0.31,6.7,6.33
PR,2015-08-10,23.8,29.8,25.8,82,93,90.25,0.39,3.45,12.87
PR,2015-08-11,23.7,27.4,25.05,89,93,90.92,0.44,1,8.7
PR,2015-08-12,23.6,27.3,24.83,89,93,91.08,0.37,1.1,6.89
PR,2015-08-13,23.6,28.7,25.23,87,92,90.33,0.19,1.43,7.53
PR,2015-08-14,23.8,29.8,25.83,81,91,88.79,0.39,0.43,9.59
PR,2015-08-15,23.8,30.3,25.73,81,91,88.29,0.11,3.63,8.94
PR,2015-08-16,23.8,28.3,25.3,87,90,88.96,0.33,3.26,8.82
PR,2015-08-17,23.8,31.3,26.65,75,90,86.04,0.48,18.8,16.94
PR,2015-08-18,24.3,26.6,25.06,88,88,88,0.07,7.5,4.13
PR,2015-08-19,23.9,29.2,25.13,87,89,88.25,0.11,3.05,6.96
PR,2015-08-20,23.6,29.3,25.25,85,90,88.25,0.3,1.83,9.54
PR,2015-08-21,23.4,27.1,24.81,86,89,87.58,0.22,4.55,7.7
PR,2015-08-22,23.6,29.8,25.69,84,88,86.54,0.43,0,12.26
PR,2015-08-23,22.3,28.6,24.63,79,94,88.96,,20.75,11.36
PR,2015-08-24,22.9,28.8,24.64,82,95,87,0.13,4.28,8.83
PR,2015-08-25,22.7,29.3,25.19,87,98,94.79,0.19,3.88,8.82
PR,2015-08-26,23.6,29.2,25.51,82,99,95.08,0.3,12.25,10.8
PR,2015-08-27,22.2,29.4,25.21,81,99,92.38,0.3,3.75,10.57
PR,2015-08-28,23.6,26.1,24.38,97,99,98.04,0.13,32.3,3.87
PR,2015-08-29,23.4,27.7,24.68,90,99,97.79,,8.75,6.09
PR,2015-08-30,22.5,29.2,25.2,83,99,93.25,0.37,2.5,11.57
PR,2015-08-31,22.9,28.7,24.3,84,99,94.46,0.06,3.67,6.27
PR,2015-09-01,22.9,27.6,24.53,89,99,97.29,0.04,8.98,6.48
PR,2015-09-02,22.7,27.7,23.96,94,99,97.33,0.03,11.3,5.11
PR,2015-09-03,23,28.5,24.7,85,99,95.04,0.03,18.13,7.6
PR,2015-09-04,21.9,29.8,25.34,81,99,92.63,0.05,20.5,9.38
PR,2015-09-05,23.5,25.4,24.05,93,98,96.96,0.03,16.58,3
PR,2015-09-06,23.1,29.6,24.84,80,99,94.46,0.09,9.85,9.09
PR,2015-09-07,22,27.2,23.78,87,98,96.29,0.02,2.5,5.73
PR,2015-09-08,22.3,30.9,25.1,85,99,96.04,0.14,11.55,11.57
PR,2015-09-09,23.7,26.8,24.36,93,99,97.04,0.03,32.35,4.53
PR,2015-09-10,23.2,31.8,25.95,74,99,92.83,0.21,10.95,11.52
PR,2015-09-11,22.7,31.3,26.16,72,98,90.54,0.85,1.33,13.83
PR,2015-09-12,23.8,31.3,26.55,71,98,89.33,0.91,6.43,11.02
PR,2015-09-13,24.5,27.9,25.5,90,98,95.5,1.1,21.25,7.81
PR,2015-09-14,22.3,29.3,24.36,77,99,94.83,0.69,53.4,8.44
PR,2015-09-15,21.9,30.5,24.97,78,98,93.21,1.06,13.1,12.37
PR,2015-09-16,23.8,28.2,25.22,89,99,95.63,1.43,4.8,8.37
PR,2015-09-17,23.3,29.1,24.97,85,92,90.33,,3.77,10.59
PR,2015-09-18,23.1,29.7,25.1,83,93,90.09,0.05,1.53,9.1
PR,2015-09-19,23.1,29.7,25.09,80,92,89.67,0.07,5.73,8.92
PR,2015-09-20,22.3,31.3,24.9,80,93,90.92,0.05,33.83,9.63
PR,2015-09-21,22.6,31.1,25.99,77,93,87.83,0.1,15,13.36
PR,2015-09-22,23.4,30.7,25.57,76,97,88.64,0.07,20.37,12.58
PR,2015-09-23,22.3,32.2,26.15,74,99,90.38,0.11,0.83,15.41
PR,2015-09-24,21.7,30.7,24.58,81,99,95.04,0.05,10.83,9.07
PR,2015-09-25,21.6,28.6,24.27,83,99,94.13,,0,8.04
PR,2015-09-26,23.2,31.6,26.31,73,99,90.25,0.03,0,13.87
PR,2015-09-27,22.8,32.1,25.77,76,99,93.46,0.07,2.3,15.74
PR,2015-09-28,23.1,31.5,26.05,77,99,92.79,0.09,11.67,14.67
PR,2015-09-29,22.8,28.8,24.51,87,99,96.71,0.05,5.5,7.48
PR,2015-09-30,23.2,31.1,25.86,82,99,93,0.11,4,14.84
PR,2015-10-01,23.1,31.7,26.12,76,99,91.42,0.28,0.4,12.71
PR,2015-10-02,22.4,32.4,25.36,76,99,92.83,0.28,3.57,12.62
PR,2015-10-03,21.8,31.9,25.68,73,98,91.21,0.28,0,15.11
PR,2015-10-04,23.3,32.6,26.62,71,99,89.96,0.41,20.03,19.45
PR,2015-10-05,23.7,33.2,26.56,73,98,92.71,0.28,35,12.19
PR,2015-10-06,21.7,31.2,25.26,76,99,90.75,0.2,8.94,14.88
PR,2015-10-07,21.9,29.1,24.95,85,99,93.46,0.11,0,9.62
PR,2015-10-08,21.7,32.3,25.24,75,99,92.29,0.15,25.84,14.29
PR,2015-10-09,22.1,31.8,25.35,73,98,91.67,0.19,7.84,13.45
PR,2015-10-10,22.2,33.6,26.16,61,99,88.29,0.06,0,20.19
PR,2015-10-11,21.1,28.6,23.83,87,98,96.58,0.04,8.17,5.16
PR,2015-10-12,20.3,33.7,25.64,64,99,89.08,0.15,0,18.03
PR,2015-10-13,22.7,33.1,26.84,73,98,91.38,0.3,1.73,13.43
PR,2015-10-14,21.8,27.6,24.27,85,98,95.17,0.04,22.2,7.35
PR,2015-10-15,21.1,33.6,26.55,65,99,88.17,0,1,16.93
PR,2015-10-16,23.6,32.9,27.4,75,98,89.67,0.37,1.16,17.12
PR,2015-10-17,23.8,32.7,26.89,73,98,91.13,0.37,0,14.73
PR,2015-10-18,23.6,32.5,26.65,75,99,91.75,0.19,0,14.59
PR,2015-10-19,22.7,33.6,25.79,73,99,92.88,0.15,6.13,12.16
PR,2015-10-20,22.2,33,24.93,76,99,94.46,0.17,6.33,12.74
PR,2015-10-21,22.2,33.2,25.96,74,99,93.58,0.15,0,13.66
PR,2015-10-22,23.2,31.8,26.63,74,99,90.04,0.35,0,15.2
PR,2015-10-23,23.1,33,25.98,71,99,93.67,0.19,6.33,10.1
PR,2015-10-24,23.5,31.8,25.48,78,99,95.63,0.19,5.03,9.45
PR,2015-10-25,23.6,33.2,27.61,74,97,88.08,0.44,12.43,18.11
PR,2015-10-26,22.8,33.1,27.21,66,98,88.67,0.87,7.33,16.6
PR,2015-10-27,22.7,31.1,25.3,78,98,91.71,0.11,31.13,10.05
PR,2015-10-28,22.6,30.6,25.57,79,99,93.91,0.07,26.23,11.41
PR,2015-10-29,22.8,28.9,25.35,85,99,94.58,0,9.6,7.36
PR,2015-10-30,22.3,32.8,27.24,66,99,86.71,0,0,19.84
PR,2015-10-31,24.2,33.8,26.93,68,98,88.91,0.019,13.33,14.56
PR,2015-11-01,23.6,32.3,25.79,73,98,92.79,0.06,32.17,11.43
PR,2015-11-02,22,29.6,24.9,81,99,93.54,0.35,15.1,13.3
PR,2015-11-03,23,32.5,26.54,70,99,89.63,0,0.17,13.08
PR,2015-11-04,22.7,34.9,27.26,55,99,86.88,0.074,0,18.69
PR,2015-11-05,22.5,33.6,26.9,72,99,89.17,0.222,0,13.75
PR,2015-11-06,23.7,32.3,26.56,67,94,88.29,0.611,0,14.78
PR,2015-11-07,23.1,32.4,25.94,71,94,89.04,0.833,1.87,14.96
PR,2015-11-08,21.9,32.1,25.48,69,94,90.13,0.611,0,13.52
PR,2015-11-09,23.2,31.9,26.53,70,94,87.75,0.648,0,16.87
PR,2015-11-10,23.8,30.5,26.49,79,94,89.75,0.556,0,9.18
PR,2015-11-11,23.5,33.2,27.12,60,94,85.21,0.407,0,15.58
PR,2015-11-12,23.4,34.5,28.19,58,99,84.33,0.056,0,18.63
PR,2015-11-13,22.8,35.1,27.88,54,99,85.42,,0,18.71
PR,2015-11-14,23.4,34.1,27.25,62,99,88.7,0.07,0,14.05
PR,2015-11-15,22.6,34.1,25.73,65,99,91.63,0.28,4.07,12.85
PR,2015-11-16,22.1,34,27.13,62,99,87.54,,0,17.04
PR,2015-11-17,23.2,34.4,27.57,59,99,86.96,0.02,0,16.08
PR,2015-11-18,22.9,35.1,27.68,55,99,85.21,,0,18.32
PR,2015-11-19,22.7,34.5,27.03,57,99,87.83,,0,14.15
PR,2015-11-20,23,33.6,27.4,63,99,87.58,0.04,0,15.85
PR,2015-11-21,23.3,34.7,27.65,56,99,86.25,0.02,0,15.75
PR,2015-11-22,23,34.8,27.62,54,99,86.21,,0,16.37
PR,2015-11-23,23.8,34.9,27.96,54,98,83.33,1.03,0,16.09
PR,2015-11-24,23,34.9,27.7,58,99,86.71,,0,15
PR,2015-11-25,23.3,34.8,27.94,58,98,85.29,,0,17.03
PR,2015-11-26,23.1,35.4,27.8,53,99,85.42,0.06,0,18.3
PR,2015-11-27,22.3,34.3,27.44,67,99,86.58,0.37,0,16.69
PR,2015-11-28,22.9,35.9,27.53,55,98,85.38,0.17,0,17.34
PR,2015-11-29,21.9,35.1,27.09,62,99,88.58,0.2,0,16.26
PR,2015-11-30,23.2,34.5,27.23,63,99,87.96,0.11,0,14.51
PR,2015-12-01,22.9,35.1,27.15,62,98,87.08,0.093,13.4,15.507
PR,2015-12-02,22.8,32.1,26.32,57,99,86.92,0.13,1.8,12.546
PR,2015-12-03,20.4,31.1,24.84,53,97,81.58,0.204,0,14.096
PR,2015-12-04,19.7,31.5,24.56,44,96,78.5,0.204,0,14.64
PR,2015-12-05,19.2,32.3,24.48,42,97,79,0.037,0,14.935
PR,2015-12-06,18.3,32.4,23.79,46,97,79.7,0.259,0,15.831
PR,2015-12-07,16.5,32.9,23.78,34,98,74.38,0.13,0,17.519
PR,2015-12-08,15.4,33.6,23.35,35,98,74.67,0.259,0,17.608
PR,2015-12-09,17.2,34.2,24.1,36,98,78.17,0.037,0,16.259
PR,2015-12-10,17.8,34.1,24.38,35,96,76.38,0.13,0,16.45
PR,2015-12-11,16.1,33.9,23.78,31,98,75.54,0.13,0,16.856
PR,2015-12-12,17.1,34.3,24.2,30,93,71.83,0.074,0,16.931
PR,2015-12-13,15.6,34.6,23.71,27,98,73.71,0.019,0,16.921
PR,2015-12-14,15.6,34.4,23.38,26,98,72.88,0.111,0,16.842
PR,2015-12-15,13.6,34.6,22.89,26,98,73.04,0.222,0,17.5
PR,2015-12-16,13.7,34.9,22.97,22,98,68.96,0.389,0,17.986
PR,2015-12-17,13.9,34.2,23.13,20,98,70.54,0.13,0,17.19
PR,2015-12-18,15.1,33.1,23.25,26,97,70.46,0.148,0,13.189
PR,2015-12-19,17,34.7,24.24,24,96,69.75,0.148,0,15.878
PR,2015-12-20,15.2,34.3,23.63,25,97,71.46,0.074,0,15.766
PR,2015-12-21,16.1,34.5,23.75,26,96,70.04,0.167,0,15.636
PR,2015-12-22,14.3,33.7,22.79,25,97,68.33,0.502,0,15.55
PR,2015-12-23,13.6,33.3,22.53,28,97,69.46,0.259,0,15.617
PR,2015-12-24,16.3,33.6,23.32,25,95,66.92,0.241,0,16.4
PR,2015-12-25,17.2,33.3,23.78,27,91,65.92,0.352,0,15.007
PR,2015-12-26,16,34.2,23.87,28,96,68,0.259,0,14.888
PR,2015-12-27,15.9,34.8,24.28,25,97,68.25,0.259,0,15.546
PR,2015-12-28,15.9,35.8,24.5,24,97,71.74,0.074,0,16.773
PR,2015-12-29,16.2,36.8,24.55,23,97,72.79,0.111,0,16.752
PR,2015-12-30,16.9,34.9,24.43,35,97,76.83,0.111,0,15.957
PR,2015-12-31,18.4,34.1,25.25,51,98,82.79,0.13,0,14.426
PR,2016-01-01,18.6,34.6,24.97,31,97,74.04,0.17,0,14.55
PR,2016-01-02,14.7,35.4,23.85,21,96,65.88,0.48,0,17.16
PR,2016-01-03,15.4,34.3,23.65,24,96,67.63,0.45,0,13.92
PR,2016-01-04,14.7,35.2,23.93,25,96,65.96,0.33,0,16.87
PR,2016-01-05,16.9,33.8,24.15,41,96,75.5,0.11,0,13.9
PR,2016-01-06,19.2,33.6,25.07,53,98,83.54,0.17,0,12.97
PR,2016-01-07,18,34.7,25.13,50,98,82.38,0.19,0,14.35
PR,2016-01-08,19.3,34.1,26.02,60,98,85.17,0.22,0,13.91
PR,2016-01-09,22.2,34.2,26.96,61,98,86.83,0.22,0,11.79
PR,2016-01-10,22.7,33.9,27.15,66,98,87.54,0.19,0,10.8
PR,2016-01-11,22.5,35.5,27.87,55,98,84.29,0.28,0,14.34
PR,2016-01-12,22.3,36.2,27.84,43,98,81.71,0.2,0,14.94
PR,2016-01-13,21.7,34.7,27.11,56,98,84.58,0.15,0,11.57
PR,2016-01-14,22,35.1,27.39,49,98,83.71,0.04,0,13.38
PR,2016-01-15,22,34.3,27.01,54,98,84.92,,0,13.07
PR,2016-01-16,22.9,33.8,27.18,63,98,87.13,0.43,0,11.7
PR,2016-01-17,22.9,34.7,27.77,60,98,86.58,,0,12.28
PR,2016-01-18,23.5,34.6,27.02,65,98,88.38,0.04,0,9.52
PR,2016-01-19,22.7,33.7,26.81,70,99,89.17,,0,10.75
PR,2016-01-20,21.1,35.6,26.39,30,99,79.13,0.02,0,15.37
PR,2016-01-21,19.7,35.6,26.02,33,98,80.71,0.11,0,14.24
PR,2016-01-22,21.2,31.5,25.16,72,98,91.46,0.07,0,7.07
PR,2016-01-23,21.1,34.7,26.66,48,99,82.54,0.09,0,13.92
PR,2016-01-24,20.3,35,25.63,22,99,75.38,0.13,0,12.28
PR,2016-01-25,16.1,34.8,24.38,17,92,59.58,0.48,0,12.35
PR,2016-01-26,16,33.9,23.91,19,95,61.58,0.47,0,12.79
PR,2016-01-27,17.8,34.9,24.76,20,92,57.29,0.39,0,13.32
PR,2016-01-28,16.7,35.6,24.88,19,94,60.63,0.35,0,13.82
PR,2016-01-29,16.9,35.2,24.65,17,93,59.04,0.41,0,12.69
PR,2016-01-30,15,35.7,24.29,16,93,58.04,0.37,0,14.2
PR,2016-01-31,16.6,34.3,24.19,27,94,67.13,0.06,0,11.13
PR,2016-02-01,17.2,32.6,23.86,42,95,76.38,0.13,0,11.16
PR,2016-02-02,18,34.3,25.36,52,97,80.96,0.111,0,12.293
PR,2016-02-03,22,34.3,26.84,53,98,83.33,0.204,0,12.304
PR,2016-02-04,21.5,34.8,26.97,61,98,84.46,0.296,0,12.948
PR,2016-02-05,22.9,35.5,27.78,55,98,82.25,0.222,0,13.473
PR,2016-02-06,22.5,36.2,27.85,51,98,82,0.241,0,13.596
PR,2016-02-07,22,35.7,27.6,45,98,79.67,0.259,0,13.398
PR,2016-02-08,22.4,35.3,27.8,55,98,81.67,0.185,0,12.203
PR,2016-02-09,22.3,36.5,27.94,35,98,76.96,0.111,0,12.102
PR,2016-02-10,20.4,37.7,28.09,12,86,53.21,0.74,0,13.93
PR,2016-02-11,19.5,37.2,27.37,22,88,61.92,0.89,0,13.2
PR,2016-02-12,22.4,34.4,27.42,47,96,77.42,0.59,0,10.6
PR,2016-02-13,22.6,34.2,27.53,50,95,77.58,0.91,0,11.71
PR,2016-02-14,22.1,34.1,27.18,60,98,84.67,0.315,0,12.031
PR,2016-02-15,23.3,33.8,27.69,64,98,86.25,0.204,0,10.738
PR,2016-02-16,23.9,35.7,28.47,58,98,84.71,0.37,0,11.772
PR,2016-02-17,24.1,36,28.62,57,98,84.21,0.426,0.17,13.682
PR,2016-02-18,24.3,36.2,28.72,61,97,84.46,0.667,0,12.606
PR,2016-02-19,23.7,36.1,28.7,58,98,83.08,0.389,0,13.762
PR,2016-02-20,24.2,37.1,29.23,56,98,83.21,0.481,0,13.329
PR,2016-02-21,25.1,37.3,29.43,48,97,82.5,0.315,0,12.315
PR,2016-02-22,24.9,36.4,29.36,58,97,82.58,0.389,0,12.837
PR,2016-02-23,25.2,35.3,29.09,65,98,84.63,0.444,0.33,12.753
PR,2016-02-24,24.7,36.8,29.63,53,97,81.79,0.351852,0,16.45
PR,2016-02-25,25.3,36.9,29.68,56,97,81.54,0.426,0.66,12.927
PR,2016-02-26,25.3,34.7,28.81,66,97,86.21,0.352,0.46,11.429
PR,2016-02-27,24.4,35.3,28.82,63,98,85.13,0.352,1,13.952
PR,2016-02-28,23.8,36.2,29.2,59,98,83.63,0.556,0,14.017
PR,2016-02-29,24.9,36.3,29.59,59,97,82.5,0.481,14,16.245
PR,2016-03-01,22.2,33.1,26.93,67,98,88.42,0.447,21.7,12.722
PR,2016-03-02,23.6,35.8,28.68,57,98,81.96,0.444,0,18.152
PR,2016-03-03,23.3,36,28.63,59,98,83.5,0.463,0,16.939
PR,2016-03-04,23.7,36.7,29.4,56,98,82.33,0.519,5.03,18.343
PR,2016-03-05,22.6,27.6,24.88,92,98,95,0.111,15.5,3.851
PR,2016-03-06,24.1,33.8,27.6,68,98,88,0.148,0,11.969
PR,2016-03-07,24.5,36.3,29.2,56,98,79.3,0.3,0,19.966
PR,2016-03-08,24.6,32.9,27.19,71,97,91.21,0.13,1.37,10.797
PR,2016-03-09,22.8,35.4,28.32,59,98,84.33,0.259,0,20.383
PR,2016-03-10,24.8,35.6,29.21,61,98,84.83,0.5,0,18.562
PR,2016-03-11,25.2,35.3,29.28,66,97,83.92,0.426,0,15.913
PR,2016-03-12,25,36.3,28.57,61,98,85.88,0.426,5.23,16.789
PR,2016-03-13,21.1,32.8,25.07,69,99,92.75,0.389,57,9.828
PR,2016-03-14,21.5,32.2,26.33,73,99,89.96,0,0,14.176
PR,2016-03-15,23,36.9,28.75,58,98,83.42,0.185,0,22.549
PR,2016-03-16,25.5,35.8,29.55,61,98,84.17,0.389,0,21.732
PR,2016-03-17,24.9,34.8,28.94,67,98,87.04,0.407,0,17.756
PR,2016-03-18,22.2,34.8,24.97,67,98,93.88,1.1,33.63,6.87
PR,2016-03-19,23.5,34.3,28.07,63,99,85.46,0.167,0,20.552
PR,2016-03-20,23.3,34.7,28.14,68,98,86.33,0.333,0,18.058
PR,2016-03-21,23.3,34.1,27.9,67,97,86.54,0.37,2.5,18.148
PR,2016-03-22,23.7,34.8,28.48,67,98,87.17,0.315,0,20.218
PR,2016-03-23,24.1,33.7,27.6,77,98,90.67,0.315,0.47,13.362
PR,2016-03-24,23.4,33,26.34,74,98,92.63,0.204,23.63,12.037
PR,2016-03-25,24.2,34.1,27.4,73,99,91.63,0.148,0,15.302
PR,2016-03-26,24.3,33.3,27.02,76,98,93.5,0.093,12.33,11.188
PR,2016-03-27,24.2,33.3,27.21,76,99,93.21,1.212,4.17,10.188
PR,2016-03-28,25.7,34.7,28.66,69,99,89.38,0.185,0,17.392
PR,2016-03-29,24.9,35.1,28.6,69,98,86.79,1.164,0,18.177
PR,2016-03-30,24.2,32.8,27.61,80,97,90.5,0.167,1.04,12.233
PR,2016-03-31,25,34.1,28.93,72,98,87.83,0.407,0.93,18.961
PR,2016-04-01,25.2,32.8,27.69,77,98,92.04,0.222,17.55,11.75
PR,2016-04-02,24.6,33.8,28.2,72,98,89.13,0.389,0,18.008
PR,2016-04-03,24.4,35,28.36,67,98,87.71,0.13,6.33,16.37
PR,2016-04-04,24.1,34.1,28.4,71,98,88.33,0.352,5.34,16.731
PR,2016-04-05,25,34.5,28.7,73,98,88.92,0.39,1.95,16.323
PR,2016-04-06,24.5,30,27.25,86,97,92.25,0.352,0,10.309
PR,2016-04-07,24.2,35.7,28.53,52,98,81.71,0.148,0,23.981
PR,2016-04-08,24.3,36.2,29.05,57,98,83.42,0.278,0,18.785
PR,2016-04-09,22.3,36.3,26.36,63,98,89.45,0.311,16.24,15.057
PR,2016-04-10,21.6,34.1,27.02,61,99,85.25,0.019,0,19.738
PR,2016-04-11,23.2,34.9,28.05,62,98,84.38,0.074,0,19.883
PR,2016-04-12,23.1,31.3,26.94,79,97,91.46,0.111,6.76,10.591
PR,2016-04-13,24.1,35,28.56,69,98,87.21,0.111,0,15.683
PR,2016-04-14,24.2,33.9,27.55,72,98,91.33,0.333,0,17.713
PR,2016-04-15,21.7,31.9,25.95,74,99,91.17,0.297,54.01,15.054
PR,2016-04-16,22.8,34.6,27.91,64,98,85.38,0.093,0,20.164
PR,2016-04-17,23.8,35.3,28.8,62,98,83.67,0.037,0,21.182
PR,2016-04-18,23.7,34.3,28.24,69,98,87.21,0.185,0,18.371
PR,2016-04-19,23.8,33.6,27.7,68,98,89.29,0.037,0,16.266
PR,2016-04-20,24.1,35.6,28.11,66,98,86.21,0.241,0,19.494
PR,2016-04-21,23.5,33.9,28.21,72,97,87.83,0.037,0,15.355
PR,2016-04-22,23.9,35.9,29.08,60,98,84.71,0.111,0,21.477
PR,2016-04-23,24.1,35.9,29.02,65,98,85.75,0.241,0,20.038
PR,2016-04-24,23.8,35.1,28.7,67,98,86.46,0.37,6.53,20.038
PR,2016-04-25,24.2,34.4,28.13,65,97,86.71,0.093,0,15.705
PR,2016-04-26,24.2,33.8,27.28,77,98,91.33,0.185,0,12.34
PR,2016-04-27,23.6,33.9,27.74,76,98,90.88,0.222,1,14.839
PR,2016-04-28,22.1,27.7,24.37,91,98,96.13,0.148,14.25,3.772
PR,2016-04-29,22.2,35.2,28.1,65,99,85.17,0.056,0,20.703
PR,2016-04-30,23.2,34.9,28.23,73,98,88.46,0.259,0,18.893
PR,2016-05-01,24.8,34.3,28.69,70,98,88.38,0.241,0,17.674
PR,2016-05-02,23.4,34.9,28.09,68,98,87.5,0.378,17.97,17.288
PR,2016-05-03,23.2,34,26.83,72,99,92.46,0.056,4.53,15.01
PR,2016-05-04,22.9,33.8,27.08,72,98,90.04,0.111,0,13.578
PR,2016-05-05,22.6,34.4,27.41,67,98,87.13,0.278,0,21.491
PR,2016-05-06,23.6,33.9,27.45,70,98,89.71,0.074,3.94,14.327
PR,2016-05-07,23.3,33.6,28.04,74,99,88.92,0.426,0,19.53
PR,2016-05-08,24.8,33.8,27.93,69,98,88.79,0.111,0,17.939
PR,2016-05-09,23,35.2,28.28,65,98,86.54,0.093,0,20.811
PR,2016-05-10,22.9,32.6,26.75,73,97,88.33,0.148,0.43,16.828
PR,2016-05-11,23.1,34.9,28.08,74,98,88.17,0.167,0,18.663
PR,2016-05-12,22.2,29.7,25.88,80,98,91.67,0.186,13.78,13.661
PR,2016-05-13,23.1,34.1,27.04,71,98,89.6,0.244,0,16.05
PR,2016-05-14,24,32.9,27.27,76,98,91.21,0.37,0,18.818
PR,2016-05-15,23.2,28.9,25.31,87,98,94.67,0.093,0.4,5.995
PR,2016-05-16,21.7,34.9,27.55,59,99,85.33,0.111,0,23.82
PR,2016-05-17,24.6,31,26.92,79,98,91.08,0.389,0,13.784
PR,2016-05-18,23.3,35.1,27.63,63,99,86.17,0.111,0,20.268
PR,2016-05-19,23.6,33.2,27.8,72,98,88.46,0.259,0,17.983
PR,2016-05-20,23.8,34.5,28.4,68,98,86.5,0.333,0,20.599
PR,2016-05-21,24.9,33.1,26.77,74,97,92.83,0.093,0,11.135
PR,2016-05-22,24.2,28.5,25.87,88,98,95.29,0.019,22.47,9.072
PR,2016-05-23,23.5,29.6,25.58,82,99,94.96,0.111,12.49,10.472
PR,2016-05-24,22.8,33.7,27.61,69,98,87.05,0.021,0,15.704
PR,2016-05-25,22.2,32.4,24.62,79,99,95.29,0.148,13.2,8.543
PR,2016-05-26,22,33.4,26.03,74,99,93,0.111,9.9,16.821
PR,2016-05-27,23.6,33,27.73,74,99,90.04,0.241,7.75,17.716
PR,2016-05-28,23.8,32.6,27.28,76,98,90.25,0.148,0,18.695
PR,2016-05-29,23.3,33.2,25.6,78,99,94.17,0.093,0,11.879
PR,2016-05-30,22.6,31.3,25.85,80,99,93,0.056,12.09,12.527
PR,2016-05-31,22.9,34.8,27.46,64,99,88.54,0.019,0,19.077
PR,2016-06-01,24,34.5,27.6,68,98,90.33,0.093,0.46,16.669
PR,2016-06-02,23.7,31.4,26.02,78,98,94.21,0.056,5.1,9.558
PR,2016-06-03,23.2,34.4,26.9,67,99,89.88,0.111,0,19.199
PR,2016-06-04,22.6,33.8,27.81,71,99,87.45,0.162,0,20.131
PR,2016-06-05,24.3,32,27.02,78,98,92.04,0.296,0,15.759
PR,2016-06-06,23.8,33.2,27.37,75,98,90.79,0.093,6.47,15.284
PR,2016-06-07,22.2,25.2,23.87,95,99,97.5,0.223,5,4.182
PR,2016-06-08,21.2,33.3,26.76,69,99,89.92,0.093,1.67,20.33
PR,2016-06-09,24.1,29.1,26.1,81,98,92.38,0,0,11.407
PR,2016-06-10,22.8,32,26.51,71,99,88.96,0.019,0,16.439
PR,2016-06-11,22.2,32.9,26.55,74,99,90.92,0.296,1.73,16.342
PR,2016-06-12,22.2,30.4,25.41,79,99,92.25,0.186,6.67,11.456
PR,2016-06-13,23.6,28.7,25.98,88,99,94.83,0.056,1.6,7.903
PR,2016-06-14,23.3,31.9,25.69,72,99,93.33,0.093,24.67,12.624
PR,2016-06-15,23,25.5,23.99,96,99,97.63,0.148,91.93,5.34
PR,2016-06-16,22.8,30.1,25.22,79,99,94.5,0.019,0.93,11.394
PR,2016-06-17,23.6,33.6,26.25,70,99,91.71,0.148,1.77,16.936
PR,2016-06-18,22.9,33.8,27.1,67,99,87.42,0.111,2.6,21.34
PR,2016-06-19,22.7,30.8,25.21,79,98,94.83,0.222,34.77,11.31
PR,2016-06-20,22.7,26.3,23.76,93,99,97.75,0.111,30.53,6.057
PR,2016-06-21,22.3,29.9,25.75,81,99,92.05,0.037,7.44,14.751
PR,2016-06-22,20.7,31.8,25.38,74,99,90.79,0.019,0,14.283
PR,2016-06-23,21.5,30.4,24.8,80,99,94.5,0.185,3.4,11.959
PR,2016-06-24,22.6,28.9,24.77,85,99,95.79,0.167,15.37,8.82
PR,2016-06-25,21.9,30.4,24.53,83,99,96.21,0.148,8.5,9.616
PR,2016-06-26,22.2,30.7,25.95,76,99,91.58,0.278,23.48,17.786
PR,2016-06-27,23.1,28.3,24.58,90,99,97.67,0.148,48.06,6.82
PR,2016-06-28,22.9,29.2,25.2,81,100,93.63,0.111,0,11.857
PR,2016-06-29,22.6,30.4,25.64,78,99,92.5,0.204,0,12.952
PR,2016-06-30,22.9,29.9,25.6,82,99,92.64,0.364,0,15.241
PR,2016-07-01,21.3,31.3,25.63,75,99,90.67,0.185,0,16.305
PR,2016-07-02,22,32.9,25.73,70,99,89.17,0.037,0,17.972
PR,2016-07-03,22.4,32.2,25.68,75,99,92.13,0.093,2.33,13.747
PR,2016-07-04,21.8,31.6,25.05,76,99,93.75,0.093,18.6,13.124
PR,2016-07-05,22.5,28.9,24.65,86,99,95.63,0.13,63.47,8.756
PR,2016-07-06,22.7,30.5,25.26,81,99,95.54,0.111,24.2,9.688
PR,2016-07-07,23.8,31.2,26.55,81,100,92.61,0.222,1.67,16.334
PR,2016-07-08,23.7,31.2,26.68,82,99,92.38,0.37,6.03,15.197
PR,2016-07-09,23.8,29.1,25.32,90,99,97.38,0.148,6.7,6.873
PR,2016-07-10,23.6,28.6,25.52,87,100,95.88,0.111,70.13,8.046
PR,2016-07-11,23.5,29.7,26.32,80,99,91.62,0.508,1.7,12.858
PR,2016-07-12,23.2,30.3,25.9,77,99,91.25,0.37,0,14.539
PR,2016-07-13,22.5,29.2,25.1,82,99,93.5,0.204,0,11.742
PR,2016-07-14,23.3,29.4,25.37,80,99,94.17,0.185,0.43,9.029
PR,2016-07-15,23.7,29.2,24.94,80,99,94.83,0.111,0,8.328
PR,2016-07-16,23.2,29.5,25.58,83,99,92.79,0.167,4.23,10.911
PR,2016-07-17,22.5,28.9,24.86,83,99,94.04,0.093,0.37,8.022
PR,2016-07-18,22,30.6,25.54,79,99,92.67,0.185,0,12.153
PR,2016-07-19,23.3,28.2,24.55,88,99,96.58,0.148,19.46,5.153
PR,2016-07-20,23.2,28.2,24.78,87,100,95.58,0.222,43.67,10.332
PR,2016-07-21,23.2,28,24.91,89,100,97.13,0.111,10.23,6.615
PR,2016-07-22,23.1,28.6,24.54,88,99,97.5,0.093,9.33,6.179
PR,2016-07-23,23.1,27.1,24.63,93,100,97.78,0.123,21.76,6.248
PR,2016-07-24,23.2,30.2,25.18,82,100,95.41,0.183,48.87,10.199
PR,2016-07-25,23.1,26.6,24.28,95,100,98.42,0.074,15.3,4.448
PR,2016-07-26,23.4,28.3,25.24,86,100,96,0.111,0,8.878
PR,2016-07-27,23.2,29.9,24.78,83,99,96.67,0.037,23.6,8.846
PR,2016-07-28,23.3,28.9,24.33,85,100,98.38,0.074,38.6,6.373
PR,2016-07-29,23.2,28.4,24.71,85,100,96.75,0.167,7.8,10.516
PR,2016-07-30,23.3,29.8,25.32,82,99,94.25,0.426,17.87,13.553
PR,2016-07-31,23.4,29.6,25.21,83,99,95.29,0.278,5.57,10.167
PR,2016-08-01,23.4,28.7,25.3,84,100,94.96,0.296,0.5,9.705
PR,2016-08-02,23.8,29.3,25.73,81,99,93.33,0.463,0.6,11.325
PR,2016-08-03,23.9,29.5,25.9,82,99,93.17,0.296,2.97,12.718
PR,2016-08-04,23.7,29.5,25.7,81,99,92.58,0.167,2.47,10.389
PR,2016-08-05,23.5,28.9,25.5,84,99,93.79,0.351,19.5,7.705
PR,2016-08-06,23.1,27.7,25.56,87,99,93.71,0.418,0,7.519
PR,2016-08-07,22.8,29.9,25.82,77,99,91.46,0.819,0.37,14.449
PR,2016-08-08,21.6,29.7,24.97,78,100,92.46,0.13,0,11.714
PR,2016-08-09,21.5,28.9,24.47,82,100,95.08,0.148,0,8.932
PR,2016-08-10,21.8,29.8,25.28,81,100,92.92,0.278,0,11.613
PR,2016-08-11,22.8,28.6,24.7,88,99,96.13,0.148,0,7.6
PR,2016-08-12,23.7,29.6,25.76,82,99,93.46,0.241,1.63,12.545
PR,2016-08-13,23.7,28,25.04,88,99,95.42,0.352,0.33,8.882
PR,2016-08-14,23.8,27.4,24.93,91,99,97.5,0.185,49.13,6.251
PR,2016-08-15,23.4,28.7,24.95,88,100,96.25,0.241,0,7.633
PR,2016-08-16,23.7,25.4,24.33,95,99,98.08,0.111,3.37,2.973
PR,2016-08-17,23.3,28.8,25.1,85,100,95.04,0.111,0,9.307
PR,2016-08-18,23,29.9,25.21,85,100,95.05,0.164,0,9.015
PR,2016-08-19,21.7,28.9,24.15,86,100,96.61,0.346,25.9,5.909
PR,2016-08-20,21.3,30.1,24.66,79,100,93.33,0,11.77,11.807
PR,2016-08-21,23.8,29.1,25.55,86,99,94.29,0.222,1.93,9.835
PR,2016-08-22,23.8,28.9,24.98,88,99,97.38,0.148,18.1,8.18
PR,2016-08-23,23.4,27.2,24.6,94,100,98.17,0.222,0.6,6.802
PR,2016-08-24,23.1,30.8,25.68,79,100,93.75,0.389,0,14.804
PR,2016-08-25,23.1,28.9,24.83,90,100,96.13,0.259,4.13,9.137
PR,2016-08-26,22.8,28.3,24.79,91,100,96.71,0.241,11.17,8.781
PR,2016-08-27,23.7,28.2,24.79,90,100,97.88,0.111,0,5.538
PR,2016-08-28,23.3,27.7,24.35,90,100,98.71,0.093,25.13,4.819
PR,2016-08-29,22.4,31.9,25.8,69,100,92.29,0.037,14.93,14.517
PR,2016-08-30,23.2,29.6,25.55,84,100,94.79,0.093,5.06,11.177
PR,2016-08-31,23.3,29.7,25.6,82,98,92.8,0,0.6,16.7
PR,2016-09-01,23.4,29.6,25.1,83,98,93.5,0,6.4,18
PR,2016-09-02,23,31.2,25.88,77,100,92.17,0.222,0,16.234
PR,2016-09-03,22.4,31,25.67,77,100,92.83,0.426,1.77,18.447
PR,2016-09-04,23.8,28.9,25.75,88,99,94.88,0.204,0,10.598
PR,2016-09-05,23.3,31.3,25.13,78,99,95.61,0.222,15.67,10.224
PR,2016-09-06,23.4,30.5,25.23,80,100,95.83,0.167,0,12.599
PR,2016-09-07,23.2,32.2,26.18,73,100,92.54,0.185,0.83,18.429
PR,2016-09-08,24.4,30.1,25.83,84,99,95.58,0.093,21.77,10.476
PR,2016-09-09,24.3,29.2,25.73,88,100,95.79,0.315,9.5,11.634
PR,2016-09-10,23.5,26.7,24.53,94,100,98.13,0.074,32.97,6.772
PR,2016-09-11,23.6,30.3,25.98,83,100,94.17,0.37,10.77,17.59
PR,2016-09-12,23.4,28.4,24.83,91,100,97.75,0.278,44.83,7.518
PR,2016-09-13,23.1,31.2,24.85,82,99,95.44,,106.9,
PR,2016-09-14,23.9,30.8,25.7,81,99,93.98,,20.2,
PR,2016-09-15,23.7,29.3,25.38,86,100,95.5,0.241,1.63,13.049
PR,2016-09-16,22.1,31.6,24.97,80,100,94.25,0.259,23.27,15.384
PR,2016-09-17,21.6,31.8,25.38,70,100,90.75,0.019,6.73,18.318
PR,2016-09-18,23.4,28.8,25.52,86,100,94.96,0.185,24.57,11.699
PR,2016-09-19,22.9,28.7,25.15,88,100,96.04,0.241,4.17,12.599
PR,2016-09-20,21.9,30.3,25.38,76,100,92.08,0.093,16.1,14.704
PR,2016-09-21,21.3,30.7,24.13,84,100,96.79,0.204,45.03,10.85
PR,2016-09-22,21.7,29.8,24.52,83,100,96.29,0.185,21.37,12.701
PR,2016-09-23,22.8,31.3,24.58,77,100,96.13,0.074,6.7,12.512
PR,2016-09-24,22.5,28.1,24.47,91,100,97.46,0.13,5.6,8.576
PR,2016-09-25,23.3,31.1,25.86,75,99,92.35,,3.43,
PR,2016-09-26,22.8,29.6,24.04,82,100,95.89,,3.43,
PR,2016-09-27,21.9,32,25.81,69,100,91,0.056,0,17.849
PR,2016-09-28,23.2,33.2,26.98,70,100,89.67,0.074,3.09,14.557
PR,2016-09-29,23.5,32.8,26.4,73,99,93.46,0.13,26.8,12.671
PR,2016-09-30,22.4,30.3,25.09,78,100,94.54,0.037,35.47,14.24
PR,2016-10-01,22.1,30.9,25.81,80,100,93.33,0.148,0,13.621
PR,2016-10-02,23.9,30.3,26.17,80,100,93.29,0.352,0,12.689
PR,2016-10-03,23.5,32,26.5,75,100,92.17,0.259,0,15.795
PR,2016-10-04,22.8,32.8,25.23,75,99,94.14,0.093,1.17,11.265
PR,2016-10-05,22.3,33.4,25.88,69,100,90.5,0.13,13.87,21.535
PR,2016-10-06,21.7,33.3,26.69,66,100,89.54,0,0,20.369
PR,2016-10-07,23.2,32.3,25.17,78,100,96.75,0.056,30.17,8.432
PR,2016-10-08,24.1,29.8,26.42,85,99,94.39,,2.93,
PR,2016-10-09,22.7,32.8,26.53,72,99,91.48,,0.43,
PR,2016-10-10,22.6,28.3,24.6,89,99,96.08,0.167,18.4,9.23
PR,2016-10-11,22.3,33.4,26.65,68,100,90.17,0.093,0.43,17.083
PR,2016-10-12,22.4,27.3,24.74,87,99,95.83,0.019,9,9.296
PR,2016-10-13,22.3,32.6,26,71,100,91.42,0.111,0,15.391
PR,2016-10-14,22.2,30,25.64,78,100,91.88,0.019,0,11.987
PR,2016-10-15,23.7,32.6,26,73,99,94,0.148,0.47,10.588
PR,2016-10-16,22.3,30.7,25.67,81,99,92.96,0.037,10.9,13.153
PR,2016-10-17,23.7,33.6,27.22,66,100,88.42,0.148,0,18.159
PR,2016-10-18,22.1,32.1,25.34,73,99,93.88,0.13,14,11.238
PR,2016-10-19,22.1,32.8,26.48,67,100,90.46,0.074,22.6,18.944
PR,2016-10-20,21.8,32.8,26.21,70,100,90.13,0,5.07,18.89
PR,2016-10-21,23.5,30.7,26.08,85,99,95.19,,1.8,
PR,2016-10-22,23.5,34.2,26.51,75,99,93.27,,0,
PR,2016-10-23,23.3,33.2,27.01,70,100,89.13,0.037,0,19.009
PR,2016-10-24,23.3,34.6,26.64,62,99,90.71,0.019,1.76,16.785
PR,2016-10-25,23.3,33.7,26.7,73,100,91.75,0.037,2.1,14.326
PR,2016-10-26,22.8,34.8,27.24,62,100,88.04,0.241,0,19.203
PR,2016-10-27,21.8,35.3,27.53,56,99,86.04,0.037,0,20.646
PR,2016-10-28,23.7,35,27.4,59,99,88.13,0.13,0,17.619
PR,2016-10-29,22.4,33.8,25.58,67,99,91.79,0.13,0,16.205
PR,2016-10-30,21.8,33.8,25.68,67,100,90.63,1.099,35.87,13.952
PR,2016-10-31,21,33.9,26.28,67,100,89.88,0.074,41.93,19.707
PR,2016-11-01,21.6,31.7,25.8,68,100,91,0,5.5,16.1
PR,2016-11-02,23.5,33.3,27.3,70,99,89.6,0.1,1,16.1
PR,2016-11-03,22.2,34.6,25.9,68,100,92.3,0,0.43,13.3
PR,2016-11-04,21,33.8,26.7,65,100,89.2,,0,17.7
PR,2016-11-05,22.4,33.5,27.2,64,99,88.3,,0,18.1
PR,2016-11-06,23.6,33.8,27.5,62,100,89.1,,0,14.7
PR,2016-11-07,23.7,34.4,27.8,62,99,89.1,0,0,16.2
PR,2016-11-08,24.1,34.3,28.2,61,99,86.4,,0,19.4
PR,2016-11-09,23,34.9,28.1,61,99,86.8,,0,17.9
PR,2016-11-10,24.3,35,28,59,99,88.5,0.2,0,18.2
PR,2016-11-11,23.2,32.3,26.2,75,99,92,0.2,0,12.8
PR,2016-11-12,23.1,33,26.6,70,99,89.6,,0,14
PR,2016-11-13,22.4,34.9,27.6,59,99,85.8,,0,17.2
PR,2016-11-14,23.3,34.8,27.8,59,99,87.1,,0,16.7
PR,2016-11-15,23,34.6,27.9,60,99,86.7,0.1,0,17.2
PR,2016-11-16,23.9,35.1,28.1,59,99,87.5,0.1,0,16.7
PR,2016-11-17,23,33.2,26,75,99,93.2,0.1,0,11.1
PR,2016-11-18,22.6,33.3,27.1,70,100,90.2,0,7.93,15.5
PR,2016-11-19,22.8,31.2,25.8,83,99,93.6,0.1,0,9.8
PR,2016-11-20,22.3,33.7,27.1,69,99,90.7,0.1,0,14
PR,2016-11-21,23.2,34.1,26.7,69,99,91.8,0.2,6.7,15.7
PR,2016-11-22,23.2,32.6,27.1,74,100,91.5,,9.4,13.8
PR,2016-11-23,22.6,34.4,27.9,65,99,87.8,,0,17.1
PR,2016-11-24,22.3,34.3,27.5,67,99,90.2,0,21.73,16.4
PR,2016-11-25,24.3,35.4,28.5,61,99,88.2,0,0,18.1
PR,2016-11-26,24.3,35.1,28.1,67,99,90,0.1,0,16.6
PR,2016-11-27,23.7,34.1,27.6,71,99,89.6,0.2,0,16.7
PR,2016-11-28,23,33.5,26.5,72,99,91.6,0.2,0.43,16.4
PR,2016-11-29,22.3,33.2,26.3,75,100,92.2,0.1,3.5,13.3
PR,2016-11-30,23.1,34.4,27.4,72,100,90.7,0.2,0,14.7
PR,2016-12-01,23.9,35.1,27.9,65,99,90.4,0,10.67,14.5
PR,2016-12-02,23.9,35.4,28.2,56,99,86.8,0,0,17.5
PR,2016-12-03,22.5,33.8,27.4,61,99,88.1,0,0,13.7
PR,2016-12-04,23.3,34.4,27.9,63,99,87.8,,0,13.3
PR,2016-12-05,23.7,34.5,28.1,59,99,87,0,0,14.6
PR,2016-12-06,23.1,34.6,27.6,55,99,87.3,0,0,15.8
PR,2016-12-07,22.9,34.1,27.4,60,99,87.5,0.1,0,15.4
PR,2016-12-08,23.1,34.6,27.3,63,99,88.2,0.1,1.77,16.3
PR,2016-12-09,21.6,33.4,26.9,67,99,87,0,0,17.1
PR,2016-12-10,22.8,33.7,26.8,69,99,90.9,0.1,0,13.8
PR,2016-12-11,22.8,34.5,26.8,62,100,90.3,0.1,0,15.1
PR,2016-12-12,23.4,33.8,26.9,69,98,90,0.1,0,14
PR,2016-12-13,22.4,34.3,27.4,66,99,88.3,0,0,14.7
PR,2016-12-14,23.6,35.1,28,59,99,87.2,0,0,14.2
PR,2016-12-15,23.4,32.9,26.9,74,99,91.8,0.2,0,11.4
PR,2016-12-16,22.8,32.8,27.1,72,99,90.1,0,0,11.9
PR,2016-12-17,22.7,34.6,27.4,60,99,87.6,0,0,14.5
PR,2016-12-18,23.3,34.2,27.2,56,99,88.9,0.1,0,13
PR,2016-12-19,22.6,34.6,27.4,61,99,87.6,0.1,0,15.2
PR,2016-12-20,23.1,35.3,28,60,99,86.4,0.1,0,15.8
PR,2016-12-21,23.3,35.2,27.6,47,99,85.5,0.1,0,14.8
PR,2016-12-22,23.2,33.8,27.2,62,99,89,0.2,0,13.1
PR,2016-12-23,21.4,34.8,27,60,99,88,0.1,0,13.5
PR,2016-12-24,23.4,33.3,27.1,63,99,89.4,,0,10.3
PR,2016-12-25,23.2,34.7,27.3,54,99,86.3,,0,13.2
PR,2016-12-26,21.8,31.4,25.5,34,98,74.1,,0,12
PR,2016-12-27,19,32.9,24.8,31,95,70.9,0.4,0,13.1
PR,2016-12-28,18.8,33.7,24.8,27,98,71.4,0.2,0,14.2
PR,2016-12-29,17.7,33.4,24.3,26,97,71.9,0.3,0,14
PR,2016-12-30,18.1,34.8,24.7,27,97,74,0,0,13.6
PR,2016-12-31,17.9,34.9,24.6,33,98,78.3,0,0,13.1
PR,2017-01-01,17.6,34.9,24.6,28,100,77.6,0.1,0,14.4
PR,2017-01-02,16.8,35.2,24.3,25,98,73.1,,0,15.5
PR,2017-01-03,16.5,35.7,24.6,25,97,71.4,0.3,0,15.7
PR,2017-01-04,16.1,36,24.4,24,97,70.5,0.1,0,15.4
PR,2017-01-05,17.3,34.3,24.6,40,97,78.3,0.2,0,14.4
PR,2017-01-06,19.8,33.6,26.3,62,99,85.8,0.1,0,13.2
PR,2017-01-07,21.8,33.1,26.7,64,99,87.4,0.1,0,11
PR,2017-01-08,21.9,34.1,27.4,62,99,86.1,0.1,0,12.4
PR,2017-01-09,20.3,35.3,26.7,39,99,78.9,0.1,0,14.7
PR,2017-01-10,18.8,33,25.1,64,99,87.4,0.1,0,11.8
PR,2017-01-11,22.1,33.6,27,58,99,85.1,1.8,0,12
PR,2017-01-12,21.7,34.9,27.3,55,99,84.2,0.2,0,14.2
PR,2017-01-13,22.3,32.3,26.5,72,97,88.3,0.2,0,9.9
PR,2017-01-14,22.9,33.9,27.2,38,99,77.4,0.1,0,14.3
PR,2017-01-15,21.8,34.5,27.1,60,97,83.7,0.2,0,12
PR,2017-01-16,21.1,34.5,27,55,98,84.5,0.3,0,13.4
PR,2017-01-17,22.4,33.8,27.1,66,99,87.8,0.4,0,12.5
PR,2017-01-18,22.9,33.7,27.5,69,99,88.9,0.2,0,11
PR,2017-01-19,23.2,35.2,27.3,59,99,87.3,0.3,0,13.8
PR,2017-01-20,22.1,35.3,27.5,62,98,87.1,0.3,0,13.9
PR,2017-01-21,23.1,36.1,28,57,99,86.3,0.3,0,14.5
PR,2017-01-22,23.6,35.1,27.8,65,99,87.4,0.3,0,13.2
PR,2017-01-23,23.4,33.8,26.9,68,99,89.4,0.2,0,11.5
PR,2017-01-24,23,33.7,27.2,66,98,85.9,0.2,0,15.3
PR,2017-01-25,21.3,35.1,27.4,51,99,82.4,0.3,0,19
PR,2017-01-26,22.9,34.1,27.4,60,98,84.8,0.2,0,15.3
PR,2017-01-27,22.3,35.7,27.9,60,99,84.6,0.3,0,16
PR,2017-01-28,23.3,35.5,28.1,61,99,86.5,0.4,0,16.6
PR,2017-01-29,23.2,35.8,27.9,58,99,86,0.3,0,13.5
PR,2017-01-30,23.2,35.2,27.6,60,99,88,0.3,13.23,13
PR,2017-01-31,24.1,34.1,27.3,65,99,89.8,0.2,0.67,12.7
PR,2017-02-01,22.9,33.8,27.3,62,99,87.5,0.2,0,13.3
PR,2017-02-02,22.7,33.6,27.1,66,99,88,0.3,0,14
PR,2017-02-03,22.8,33.7,27.3,63,99,87.9,0.3,0,13.8
PR,2017-02-04,22.9,36.1,28.3,55,99,83.6,0.2,0,16.3
PR,2017-02-05,24.2,35.5,28.5,55,99,84.5,0.2,0,14.2
PR,2017-02-06,23.2,35.7,28.2,58,99,86.1,0.2,0,14.7
PR,2017-02-07,24.3,33.7,28.1,69,99,87.7,0.2,0,13.3
PR,2017-02-08,23.7,32.3,27.3,73,99,90.3,0.1,0.43,11.3
PR,2017-02-09,23.4,35.2,28.1,60,99,88.1,0.2,4.5,16.2
PR,2017-02-10,25.2,33.6,28.1,69,99,89.7,0.1,0,12.5
PR,2017-02-11,24,34.2,28.1,68,99,87.8,0.2,0,12.3
PR,2017-02-12,24.3,35.4,28.6,61,99,86.9,0.1,0,12.9
PR,2017-02-13,24.2,34.6,28.1,61,99,86.4,0.2,0,14.3
PR,2017-02-14,23.4,36.7,28.4,38,99,78.1,0.1,0,18.4
PR,2017-02-15,22.5,35.7,28.1,50,99,81.4,0.2,0,16.4
PR,2017-02-16,23.1,36.4,27.9,35,98,80,0.1,0,15.1
PR,2017-02-17,21.7,36.9,27.6,17,97,68,0.1,0,16.8
PR,2017-02-18,20.2,36.3,26.4,14,95,60.1,0.2,0,15.5
PR,2017-02-19,18.2,36.7,26.2,16,94,59.5,0.1,0,16.4
PR,2017-02-20,20.4,35.8,27.3,39,92,70.7,0.2,0,14.7
PR,2017-02-21,21.8,37.2,28.3,37,98,77.1,0.1,0,17.1
PR,2017-02-22,22.6,36.6,28.6,47,98,80.7,0.3,0,16.7
PR,2017-02-23,22.9,36.9,28.6,46,99,81.3,0.3,0,15.4
PR,2017-02-24,23.3,36.9,29,47,97,81,0.4,0,17.2
PR,2017-02-25,24.4,36.6,29.3,54,98,82.3,0.3,0,13.4
PR,2017-02-26,24.7,35.5,28.1,62,98,85.7,0.2,0,14.2
PR,2017-02-27,23.2,35.3,27.2,64,99,90.5,0.2,4.47,12.5
PR,2017-02-28,22.1,36,27,60,99,88.3,0.5,15.13,15.9
PR,2017-03-01,21.9,34.9,27.2,66,99,88.4,0.2,0,16.6
PR,2017-03-02,24.8,36.2,28.9,57,99,85.8,0.3,0,16.1
PR,2017-03-03,23.3,36.1,27,59,99,89.9,0.2,7.63,14.8
PR,2017-03-04,22.7,35.1,27.8,64,99,86.4,0.2,1.67,18.9
PR,2017-03-05,23.7,35.9,29,63,99,84.9,0.4,0,21.8
PR,2017-03-06,22.1,35.6,27,61,99,88,0.5,36.4,18
PR,2017-03-07,23.2,35.3,28.1,59,99,85.8,0.1,6,20.1
PR,2017-03-08,24.3,35.4,28.6,62,97,84.2,0.2,0,18.6
PR,2017-03-09,22.9,33.4,26.5,70,99,90.6,0.2,4.13,14.8
PR,2017-03-10,23,34.1,27.2,65,99,89.2,0,0,16.3
PR,2017-03-11,23.2,33.1,25.7,72,99,93.3,0.2,0,11.9
PR,2017-03-12,23.3,33.1,27.3,70,99,88.4,0.1,0,15.4
PR,2017-03-13,22.3,34.2,27,68,98,87.3,0.3,7.07,17.9
PR,2017-03-14,21,31.6,24.8,78,99,93.9,,8,10
PR,2017-03-15,23.1,34.8,27.9,65,99,87.7,0.1,0,18.6
PR,2017-03-16,23,36.2,28.4,55,99,84.7,0.2,0,20.9
PR,2017-03-17,23.8,35.9,28.2,57,99,86.4,0.3,0,20.2
PR,2017-03-18,23.3,35.1,28.4,65,99,86.8,0.3,0,18.8
PR,2017-03-19,23.9,34.7,27.9,68,99,87.5,0.3,0,17.4
PR,2017-03-20,23.4,34.7,27.7,66,98,85.5,0.3,0,18.5
PR,2017-03-21,23.1,33.4,27.9,73,98,88,0.3,0,15
PR,2017-03-22,24.2,29.4,26.3,86,98,94.7,0.8,0,4.2
PR,2017-03-23,22.3,33.9,27.2,63,99,86.6,,0,16.1
PR,2017-03-24,23.8,33.8,27.7,66,99,87.6,0.1,0,16.7
PR,2017-03-25,23.2,36,28.9,60,99,84.4,0.2,0,19.1
PR,2017-03-26,23.3,35.4,28.6,61,99,85.3,0.3,0,18.2
PR,2017-03-27,24.5,34.2,28.3,70,98,88.3,0.2,0,14.3
PR,2017-03-28,24.8,34.9,28.9,66,98,85.6,0.1,0,15.8
PR,2017-03-29,23.7,36.6,29.4,61,98,83.3,0.2,0,20.4
PR,2017-03-30,22.1,33.8,26.9,70,99,91.2,0.2,7.27,10.1
PR,2017-03-31,22.3,34,27.3,67,99,89,0.1,0,17
PR,2017-04-01,24.4,35.1,28.4,65,98,85.4,0.2,0,18.6
PR,2017-04-02,22.9,34.9,27.6,61,98,86.3,0.1,0,18
PR,2017-04-03,24.3,35.1,27.8,66,99,86.6,0.1,7.97,15.1
PR,2017-04-04,23.7,34.4,28.2,70,99,87.8,0.2,0,16.5
PR,2017-04-05,24.3,34.3,28.5,71,99,87.1,0.3,0,16.9
PR,2017-04-06,24.2,34.3,28.1,64,98,85.6,0.1,0,16.3
PR,2017-04-07,22.6,35.1,27.7,65,97,84.4,0.3,0,18.4
PR,2017-04-08,24.1,36.1,28.2,61,98,87.4,0.2,0,16.2
PR,2017-04-09,21.6,25.7,23.7,92,99,97.2,0,33.5,5
PR,2017-04-10,20.9,34.6,26.9,68,100,90,0,8.37,19.7
PR,2017-04-11,23.6,33.3,27.7,67,98,86.1,,0,15.3
PR,2017-04-12,22.9,34.7,27.5,69,99,87.9,0.3,37.5,22.1
PR,2017-04-13,22.2,31.9,25.6,77,99,94.8,0.2,24.13,10.2
PR,2017-04-14,21.7,34.9,27.2,56,99,85,0.1,15,22.3
PR,2017-04-15,22.9,35.7,26.8,60,99,89.8,0.2,0,16.4
PR,2017-04-16,22.2,32.1,26.2,75,99,91,,30.07,13.1
PR,2017-04-17,23.9,34.2,28.3,71,99,88,0.1,0,18.9
PR,2017-04-18,25.2,34.7,28.7,70,99,88.7,0.1,0,17.7
PR,2017-04-19,24.1,34.6,27.9,73,99,91.2,0.1,12.33,13.6
PR,2017-04-20,22.4,27.9,25,87,99,95.8,0,11.8,8
PR,2017-04-21,22.6,33.9,26.7,72,99,92,0.2,0,17.7
PR,2017-04-22,23.4,33.2,27.5,77,99,91.6,0.1,0,17.8
PR,2017-04-23,24.4,34.4,28.4,69,99,88,0.1,0,20
PR,2017-04-24,24.4,34.2,27.2,71,99,92.5,0.1,6.03,14.7
PR,2017-04-25,24.3,33.1,27.6,70,99,89.4,0,0,14.4
PR,2017-04-26,22.8,34.3,27.6,65,99,87.1,0,0.47,17.7
PR,2017-04-27,23.3,34.6,28,66,99,86.5,0.1,0.67,21.7
PR,2017-04-28,23.6,32.3,26.7,71,98,90,0.1,0.67,13.1
PR,2017-04-29,21.8,35,27.7,63,99,85,,0,19.8
PR,2017-04-30,23.8,33.1,26.8,75,99,92.7,0.1,1.77,11.7
PR,2017-05-01,22,32.3,25.3,81,99,94.9,0.1,28.02,8.9
PR,2017-05-02,21.8,33.7,26,71,100,92,0,31.47,17.4
PR,2017-05-03,22.7,31.7,26.7,73,99,88.9,0,0,17.1
PR,2017-05-04,23.1,33.6,27.4,69,99,87,0.3,0,20.1
PR,2017-05-05,22.7,33.6,27.8,68,97,86.3,0,0,18.2
PR,2017-05-06,24.6,35.6,28.5,62,99,86.9,0.2,0,20
PR,2017-05-07,24.2,31.7,27.4,79,99,90.3,0.1,0,14
PR,2017-05-08,22.6,34.5,28,68,99,87.5,0.2,0,15.9
PR,2017-05-09,21.5,32.3,26,69,99,88.8,,0.43,17.6
PR,2017-05-10,22.1,35.1,27.5,61,99,85,0,0,20.1
PR,2017-05-11,22.3,32.6,26.3,74,99,92.3,0.2,3.47,11.5
PR,2017-05-12,23.3,35.3,27.4,65,99,89.4,0.1,2,20.3
PR,2017-05-13,24.3,33.8,27.5,71,99,91,0.2,0,16.7
PR,2017-05-14,23.1,33.7,27.5,72,99,90.4,0.1,1.07,16.7
PR,2017-05-15,23.4,31.7,26.8,80,99,91.8,0.1,0.47,12.1
PR,2017-05-16,22.3,26.1,24.4,96,99,97.6,,3.78,3.1
PR,2017-05-17,21.7,33.2,26.4,61,100,87.8,,4.73,18.4
PR,2017-05-18,21.7,34.7,27.5,62,99,85.8,0.1,0,20
PR,2017-05-19,23,33.7,27.7,71,99,88.5,0.1,0,17.3
PR,2017-05-20,22.6,28.9,25.1,84,99,95.2,0.2,16.67,7.2
PR,2017-05-21,21,34.6,27.4,68,99,87.5,0,0,20.6
PR,2017-05-22,24.9,33.9,27.9,70,98,89.5,0.1,1.93,18.1
PR,2017-05-23,24.2,35.1,28.4,66,99,88.2,0.1,0,20.7
PR,2017-05-24,24.4,33.2,26.6,76,99,93.4,0.1,33.77,11.4
PR,2017-05-25,22.9,27.3,24.9,92,99,97,0.2,30.03,6
PR,2017-05-26,23.1,34.7,27.2,63,99,88.2,0.1,3.37,19.7
PR,2017-05-27,22.9,33.2,27.2,70,99,89.4,,4.67,15.6
PR,2017-05-28,23.6,34.3,27.8,69,99,89,0.1,0,18.2
PR,2017-05-29,23.9,33,27.7,78,99,89.8,0.2,0,15.5
PR,2017-05-30,22.5,33.4,27.3,72,98,89.2,0.2,4.37,21.1
PR,2017-05-31,23.3,33.6,26.7,70,99,91.8,0.2,25.83,18.8
PR,2017-06-01,22.7,32.7,26.7,71,99,88.8,0.1,8.33,19.1
PR,2017-06-02,23.8,32.4,26,77,99,94.3,0,14.4,9.1
PR,2017-06-03,23.7,33.3,26.7,70,99,91.7,0.1,2,15.3
PR,2017-06-04,22.4,31,26,74,99,91.2,0.1,5.03,16.9
PR,2017-06-05,23.6,33.8,27.2,65,99,88.8,0.1,0,18.7
PR,2017-06-06,23.8,30.3,26.2,83,99,93.1,0.2,0.67,15.7
PR,2017-06-07,23.1,34.2,27.3,66,99,88.7,,0,19.3
PR,2017-06-08,23.9,34.2,27.9,65,99,88.9,0.1,1.47,17.5
PR,2017-06-09,24.7,35.4,28,64,99,89.6,0.1,1.4,18.1
PR,2017-06-10,23.5,30.4,26.3,86,99,93.8,0.1,8.67,10.2
PR,2017-06-11,22.9,32.2,27,74,99,91.1,0.3,3.17,19.1
PR,2017-06-12,22.7,31.8,25.7,78,100,94.9,0.2,49.27,12.4
PR,2017-06-13,21.6,29.4,24,96,100,99.2,0.1,16.83,8.9
PR,2017-06-14,23.7,32.7,27.7,74,100,89.6,,5.9,15.3
PR,2017-06-15,23.8,33.1,26.6,73,99,92,0.1,23.33,14.6
PR,2017-06-16,21.4,31.4,25.5,81,99,94,0.5,31.89,15
PR,2017-06-17,22.1,26.6,24.5,90,100,97,0.1,0.47,8.3
PR,2017-06-18,21.7,30.6,25.4,77,100,92.6,,0,12.4
PR,2017-06-19,22.7,32.2,25.8,75,100,93.8,0.1,13.6,14.8
PR,2017-06-20,22.1,29.8,24.3,82,99,96.3,0.1,21.73,9.1
PR,2017-06-21,21.5,32.9,26.8,68,100,87.8,0.1,12.13,22.3
PR,2017-06-22,22.6,31.1,26.4,81,99,92.5,0.1,4.93,15.4
PR,2017-06-23,23.8,28.9,25.1,90,100,97.6,0.1,1.33,6.5
PR,2017-06-24,22.2,30.8,25.2,83,100,96,0.1,29.9,14.3
PR,2017-06-25,22.3,31.7,25.1,76,100,96,0.1,20.8,12.5
PR,2017-06-26,22.1,31.2,25.8,77,100,93.2,0,8.63,16.3
PR,2017-06-27,22.7,30.4,24.7,82,100,98,0,9.5,8.8
PR,2017-06-28,22.9,30,25.5,87,100,97.1,0,0,12.8
PR,2017-06-29,23.4,30.5,25.3,81,100,95.7,0,20.07,10.9
PR,2017-06-30,23.2,29.5,25.4,84,100,94,0.3,2.6,11.2
PR,2017-07-01,22.2,25.8,23.9,96,100,99.6,0.1,66.93,5.8
PR,2017-07-02,21.8,30.7,25.3,82,100,96.6,0.1,4.6,13.5
PR,2017-07-03,22.8,28.3,24.9,91,100,98,0.1,0,9
PR,2017-07-04,23.8,29.4,25.2,89,100,97.4,0.2,1.7,14
PR,2017-07-05,23.3,26.9,24.3,93,100,99,0.1,8.77,9.5
PR,2017-07-06,21.7,26.8,23.3,94,100,99.4,0.1,18.83,9
PR,2017-07-07,21.8,28,24.1,94,100,99.2,,17.3,8.7
PR,2017-07-08,22.4,29.1,24.6,94,100,98.6,0.2,0,10.6
PR,2017-07-09,22.1,28.6,25,86,100,95.8,0.2,2.17,16.7
PR,2017-07-10,20.6,29.1,24.2,81,100,94.1,0.3,0,20.2
PR,2017-07-11,19.1,28.9,23.5,78,100,93.3,0.2,0,21
PR,2017-07-12,19.4,27.9,23.7,88,100,95.3,0.1,0.43,14.7
PR,2017-07-13,21.2,28.5,24.3,90,100,97.8,0.2,0,12
PR,2017-07-14,23.2,28.4,24.9,89,100,97.5,0.2,0,11.9
PR,2017-07-15,22.9,28.1,24.3,93,100,99.1,0.2,0.43,9.2
PR,2017-07-16,23.1,26.2,24.4,97,100,99.3,0.2,5.8,8.8
PR,2017-07-17,23.1,27.1,24.3,94,100,98.7,0.1,26.73,8.4
PR,2017-07-18,22.3,28.1,24.8,93,100,98.2,0.1,4,9.6
PR,2017-07-19,23.4,28.8,25.5,91,100,97.6,0.1,1.3,12.3
PR,2017-07-20,23.2,29.1,25.7,89,99,95.8,0.1,9.73,12
PR,2017-07-21,23.7,28.3,25.1,93,100,96.6,0.2,0.43,10.3
PR,2017-07-22,22.8,25.8,24.2,99,99,99,0.1,28.43,5.8
PR,2017-07-23,22.8,25.6,23.9,97,99,98.1,,51.9,5.6
PR,2017-07-24,23,26.4,24.2,94,99,97.3,0.1,49,8.5
PR,2017-07-25,23.2,27.5,24.8,91,99,96.9,0.2,10.13,10.2
PR,2017-07-26,23.3,25.7,23.9,96,99,98.5,,44.93,4.2
PR,2017-07-27,23.4,28.8,25,89,98,96,0.1,0,12.3
PR,2017-07-28,23.3,29.4,25,90,98,96.8,0.2,8.13,10
PR,2017-07-29,23.4,28.4,24.9,92,98,97,0.2,16.97,11.1
PR,2017-07-30,23.4,26.6,24.3,95,98,97.6,0.1,21.6,6.4
PR,2017-07-31,23.3,28.3,24.9,90,98,96.2,0.4,16.73,11.1
PR,2017-08-01,23.5,26.2,24.2,95,98,97.3,0.1,32.67,5.8
PR,2017-08-02,23.4,28.6,25.2,89,97,95.1,0.4,20.17,15.7
PR,2017-08-03,23.5,27.6,24.5,92,98,96.4,0.1,36.63,7.9
PR,2017-08-04,23.2,26.2,23.9,93,98,96.8,0.1,32.63,4
PR,2017-08-05,23.1,27.7,24.6,92,97,96,0.2,6.53,7.8
PR,2017-08-06,23.6,28.6,25.1,88,97,94.8,0.3,0.47,11.6
PR,2017-08-07,23,28.1,24.5,88,97,95,0.2,8.47,8.6
PR,2017-08-08,22.9,28.6,25,84,97,92.9,0.2,0,12.3
PR,2017-08-09,22.5,26.2,24.3,94,97,95.7,0,15.03,5.9
PR,2017-08-10,22.6,29.1,25.1,87,97,94,0.1,5.87,10.2
PR,2017-08-11,23.4,30.4,25.3,86,96,94.3,0.2,15.14,10.8
PR,2017-08-12,23.9,28.3,25.3,90,96,94.2,0.2,0,10.1
PR,2017-08-13,23.8,28.9,25.5,87,96,93.4,0.2,2.13,10.1
PR,2017-08-14,23.9,28.8,25.8,85,96,92.8,0.5,0,13.6
PR,2017-08-15,23.9,29.5,25.6,84,96,92.5,0.3,0.67,10.4
PR,2017-08-16,22.3,27.8,25,88,96,93.9,0.1,37.8,8
PR,2017-08-17,22.1,27.2,24.3,87,96,93.8,0.2,1,8.3
PR,2017-08-18,21.8,30.4,25.4,75,96,90,0.2,0,15.5
PR,2017-08-19,20.8,32.3,25.4,67,97,87.6,0.1,0,22
PR,2017-08-20,22.4,29.2,24.9,80,96,91.7,0.2,0,11.8
PR,2017-08-21,22.8,27.3,24.5,89,96,93.5,0.2,0.47,7.8
PR,2017-08-22,22.3,25.2,23.7,94,96,95.4,0.1,8.9,5.1
PR,2017-08-23,22.9,29.6,24.8,82,96,93.6,0,44.43,10
PR,2017-08-24,21.2,29.7,24.8,86,96,92.6,0.2,8.8,14.1
PR,2017-08-25,21.3,25.9,23.5,90,96,94.5,,19.43,6.2
PR,2017-08-26,22.5,28.1,24.4,86,96,93.5,,10.33,9.3
PR,2017-08-27,23.6,27.6,24.2,93,95,94.7,0.2,32.33,6.9
PR,2017-08-28,23.2,30,25.8,79,95,90.5,0.1,0,19.1
PR,2017-08-29,22.3,30.4,25.2,76,95,90.5,0.3,1.7,13
PR,2017-08-30,23.7,28.1,24.6,88,95,93.6,0.4,2.47,8.8
PR,2017-08-31,22.9,30,25.9,80,95,90.2,0.4,0.43,17
PR,2017-09-01,22.9,28.5,24.9,86,95,92.8,0.1,12.7,9.5
PR,2017-09-02,21.4,28.6,24.9,83,95,91.7,0.3,6.6,13
PR,2017-09-03,21.4,29.4,24.3,77,95,91.8,0.2,2.77,12.6
PR,2017-09-04,22.9,28.1,25.1,89,95,92.6,0.1,0,10.5
PR,2017-09-05,22.4,30.3,25.6,79,95,89.5,0.2,0,14.7
PR,2017-09-06,21.3,29.4,25.1,84,95,91.5,0.1,3.43,12.1
PR,2017-09-07,23,26.3,24.1,92,94,93.8,0.1,29.07,4.8
PR,2017-09-08,22.8,27.8,24.5,86,94,91.6,,1,10.1
PR,2017-09-09,22.4,31.6,25.7,75,95,89.5,0.1,0,17.4
PR,2017-09-10,22.8,30.3,25.7,83,94,91.3,0.4,5.67,15.8
PR,2017-09-11,22,27.9,24.6,85,94,92.3,0.1,0.63,11.7
PR,2017-09-12,23.3,30.2,25.6,79,94,90.2,0.3,0,16.8
PR,2017-09-13,21,27.6,24.2,86,94,92.1,0.2,0,10.8
PR,2017-09-14,20.8,30.8,25,77,94,89.7,0.2,0,18.2
PR,2017-09-15,21.6,30.2,25.4,80,94,89.3,0.4,3.37,16.2
PR,2017-09-16,22.9,29.6,25.3,82,93,90.5,0.3,0.43,12.5
PR,2017-09-17,22.3,30.3,25.6,80,94,89.3,,0,13.7
PR,2017-09-18,21.6,30.9,25.4,79,94,90.1,0.1,0.37,13.2
PR,2017-09-19,23.6,30.3,26.1,84,93,90.1,0.2,0,13.2
PR,2017-09-20,23.1,28.9,25.6,87,93,91.8,0.1,0.47,11.6
PR,2017-09-21,23.1,28.7,25.3,88,93,91.8,0.3,4.07,11.6
PR,2017-09-22,23.4,28.7,25.5,84,93,90.9,0.3,2.47,11.7
PR,2017-09-23,23.1,30.6,25.9,80,93,89,0.1,0,16.9
PR,2017-09-24,23.8,30.7,26.4,77,95,88.5,,0,15.6
PR,2017-09-25,23.6,32.8,26.5,72,95,88.5,0.1,2.13,14.4
PR,2017-09-26,22.7,28.3,24.7,88,93,91.9,0.1,5.03,8.4
PR,2017-09-27,21.9,31.9,25.7,76,93,88.8,0.1,11.02,16.5
PR,2017-09-28,21.6,29.3,25,80,93,89.8,0.1,6.77,16.2
PR,2017-09-29,22.4,29.8,25.7,82,93,89.5,0.1,28.57,10.8
PR,2017-09-30,21.8,31,25.4,76,93,88.6,0,0.37,15.4
PR,2017-10-01,22.1,33.3,26.2,71,93,88.04,0.17,0,17.202
PR,2017-10-02,21.7,30,24.32,80,93,90.25,0.06,11.33,11.473
PR,2017-10-03,21.3,31.9,25.94,75,93,88.38,0.17,38.13,15.622
PR,2017-10-04,21.8,29.9,24.88,83,93,90.79,0.2,9.07,13.729
PR,2017-10-05,22.6,28.8,25.18,86,93,90.88,0.07,6.77,11.423
PR,2017-10-06,21.7,32.6,26.17,76,93,88.29,0.17,19.73,19.883
PR,2017-10-07,21.9,26.3,23.78,89,93,91.71,,23.43,7.075
PR,2017-10-08,21.7,32.3,26.08,73,93,86.96,0.02,0,16.835
PR,2017-10-09,23.4,32.6,28.35,75,92,84.93,0.06,0,15.046
PR,2017-10-10,22.1,31.4,24.82,79,92,90.38,,10.53,10.069
PR,2017-10-11,21.1,31.9,24.99,73,93,89.58,,0,12.311
PR,2017-10-12,21.5,27.8,24.31,83,92,90.33,0.09,20.33,9.288
PR,2017-10-13,22.2,33.1,25.69,69,92,86.83,0.02,5.13,18.123
PR,2017-10-14,23,33.2,27.09,67,92,85.04,,0,18.868
PR,2017-10-15,22.9,34.6,27.25,65,92,84.96,0.06,0,20.203
PR,2017-10-16,22.5,31.6,25.82,71,92,87.29,,0,14.157
PR,2017-10-17,23.3,33.6,26.81,67,92,85.29,0.07,13.5,20.768
PR,2017-10-18,21.4,29.8,24.95,79,93,89.5,0.06,5.17,12.807
PR,2017-10-19,22.2,33.4,25.62,69,92,87.5,0.06,41.03,16.762
PR,2017-10-20,22.3,33.7,26.78,65,92,85.58,0.04,0,16.053
PR,2017-10-21,24.3,32.3,27.23,75,91,87.79,0.04,0,14.082
PR,2017-10-22,23.3,32.5,26.28,77,91,88.58,0.07,1.23,12.693
PR,2017-10-23,22.4,32.9,26.29,74,92,87.17,0.06,0,16.15
PR,2017-10-24,23.2,34.8,26.6,66,91,86.08,,0,19.642
PR,2017-10-25,22.4,34.9,27.38,60,91,83.92,0.04,0,19.455
PR,2017-10-26,24.6,32.5,27.41,76,91,87.42,,0,12.117
PR,2017-10-27,24.1,32.8,27.1,75,91,87.71,0.06,0,13.829
PR,2017-10-28,23.6,32.8,26.57,72,91,87.63,0.02,0,11.372
PR,2017-10-29,22.6,32.1,26.51,74,91,87.21,,0,15.636
PR,2017-10-30,23.1,34.7,27.63,63,91,84.13,0.06,0,17.277
PR,2017-10-31,24.3,34.4,27.59,66,90,85.08,0.02,0,16.716
PR,2017-11-01,24.2,30.4,26.4,78,91,87.72,0.006,0,10.839
PR,2017-11-02,24,32.7,27.34,72,90,85.38,0.02,0,15.586
PR,2017-11-03,22.6,33.2,26.19,69,91,86.29,0.014,0,14.826
PR,2017-11-04,22.4,31.9,25.85,78,90,87.05,0.06,0,14.306
PR,2017-11-05,23.2,33.3,25.97,68,90,85.46,0.009,21.3,18.037
PR,2017-11-06,22.8,32.4,26.34,74,90,86.63,0.005,1.67,16.439
PR,2017-11-07,22.8,34.2,27.15,63,91,83.75,0,0,16.478
PR,2017-11-08,22.6,35.3,27.78,56,91,81.42,0.005,0,18.782
PR,2017-11-09,23.7,34.1,27.53,64,90,83.71,0.005,0,16.321
PR,2017-11-10,23.1,33.3,27.35,66,90,84.63,0.014,0,18.123
PR,2017-11-11,23,33.6,26.6,66,91,85.71,0.015,0,14.592
PR,2017-11-12,22.3,33.6,26.5,67,91,85.75,0.02,0,17.281
PR,2017-11-13,22.3,35.3,27.67,60,90,82.63,0.005,0,17.094
PR,2017-11-14,23.6,33.8,27.16,72,90,85.71,0.009,1,12.973
PR,2017-11-15,22.7,32.4,26.25,78,91,87.46,0.014,1.83,15.59
PR,2017-11-16,22.9,32.5,27.01,76,90,86,1.04,0.67,16.018
PR,2017-11-17,23.8,33.6,27.65,71,90,85,0.034,0,15.82
PR,2017-11-18,22.3,33,25.72,73,90,87.13,0.036,0,13.308
PR,2017-11-19,21.6,28.6,24.62,85,91,88.08,0,13.73,8.011
PR,2017-11-20,21.6,32.2,26.01,71,90,85.25,0.005,0,17.44
PR,2017-11-21,22.6,33.4,26.84,71,90,85.75,0.009,0,12.962
PR,2017-11-22,22.6,34.1,26.73,65,90,84.54,0.029,23.9,15.752
PR,2017-11-23,22.3,33,26.43,70,89,86.08,0.02,0,13.253
PR,2017-11-24,23.4,34.5,27.22,63,90,83.46,0.005,0,16.324
PR,2017-11-25,22.6,34.6,27.14,62,90,82.54,0.005,0,17.047
PR,2017-11-26,21.4,35.1,26.57,53,90,80.83,0.005,0,18.703
PR,2017-11-27,20.6,34.4,26.11,52,91,81.38,0,0,18.472
PR,2017-11-28,20.5,34.1,26.46,57,90,82.33,0.045,0,18.415
PR,2017-11-29,21.7,34.5,27.19,57,90,81.42,0,0,17.735
PR,2017-11-30,22.4,35.3,27.39,55,90,81.08,0,0,17.23
PR,2017-12-01,22.6,34.4,27.27,60,90,82.17,0.019,0,16.501
PR,2017-12-02,22.2,32.9,25.99,70,90,85.92,0.056,0,12.128
PR,2017-12-03,22.1,33.4,26.65,63,90,83.21,0.037,0,17.285
PR,2017-12-04,21.6,35.4,27.5,58,90,81.58,0.093,0,17.497
PR,2017-12-05,22.7,35.3,27.72,57,90,81.25,0.093,0,16.698
PR,2017-12-06,22.3,35.2,27.63,59,90,81.75,0.241,0,16.715
PR,2017-12-07,22.9,35.2,26.71,58,90,83.46,0.148,0,13.575
PR,2017-12-08,20.8,34.3,27,60,90,82.96,0.093,0,13.408
PR,2017-12-09,24.1,27.9,25.53,87,89,88.25,0,0,3.26
PR,2017-12-10,23.3,32.8,27.13,53,89,81.13,0.037,0,12.739
PR,2017-12-11,22.8,33.4,27.61,61,89,81.33,0.037,0,13.664
PR,2017-12-12,24.6,34.1,28.28,61,89,81.38,0.056,0,13.485
PR,2017-12-13,22.9,35.6,27.84,54,90,80.92,0.019,0,14.273
PR,2017-12-14,22.3,33.8,27.07,61,90,82.96,0.241,0,13.748
PR,2017-12-15,22.3,33.6,26.96,69,90,83.67,0.222,0,13.434
PR,2017-12-16,22.5,34.7,27.5,62,89,82.54,0.167,0,15.258
PR,2017-12-17,23.8,34.3,27.63,63,89,83.54,0.37,0,13.39
PR,2017-12-18,24.2,34.4,27.93,65,89,82.21,0.315,0,16.449
PR,2017-12-19,22.6,34.2,26.61,62,89,82.67,0.167,0,14.711
PR,2017-12-20,24.1,28.8,26,75.09,95,85.04,1.4,0,17.8
PR,2017-12-21,23.9,29.7,26.4,64.1,95,79.55,1.2,0,15
PR,2017-12-22,24.1,28.4,25.8,73.08,99,86.04,1.7,0,11.1
PR,2017-12-23,23.2,29.7,25.7,64.61,94.62,79.61,1.7,0,18.5
PR,2017-12-24,23.3,30.5,26.4,62.66,94.85,78.75,0.9,0,19.1
PR,2017-12-25,21.1,29.2,25.2,48.1,91.03,69.56,1.1,0,18.5
PR,2017-12-26,20.4,29.2,24.2,51.66,85.65,68.65,1.6,0,17.4
PR,2017-12-27,19.3,29.6,24.6,50.28,89.56,69.92,1.2,0,18.1
PR,2017-12-28,21.4,29.5,25.2,51.04,89.53,70.28,0.9,0,19.3
PR,2017-12-29,20.2,32.5,25.7,67,90,83.58,0.0092,0,14.3448
PR,2017-12-30,21.3,34.1,26.11,47,90,79.75,0.03,0,15.0996
PR,2017-12-31,19.5,33.9,25.07,38,90,76.42,0,0,17.5406
PR,2018-01-01,16.9,33.8,23.9083,28,91,70.8333,0.0763889,0,15.7699
