Site,Date,Tmin,Tmax,Taverage,Rh_min,Rh_max,Rh_average,Wind,Precipitations,Rg,Ri_PAR_f
PR,2015-07-01,22.4,31.6,26.22,75.0,93.0,87.75,0.63,0.0,15.96,7.6608
PR,2015-07-02,22.3,25.7,24.57,90.0,94.0,91.83,0.06,20.47,5.52,2.6495999999999995
PR,2015-07-03,24.1,28.4,25.69,86.0,94.0,90.54,0.11,0.0,9.15,4.392
PR,2015-07-04,24.3,28.1,25.51,87.0,94.0,91.79,0.04,0.0,5.2,2.496
PR,2015-07-05,24.3,29.3,25.97,85.0,94.0,91.46,0.31,0.98,8.8,4.224
PR,2015-07-06,23.5,32.8,27.06,71.0,94.0,87.29,0.11,0.0,17.32,8.3136
PR,2015-07-07,24.2,31.2,26.87,80.0,94.0,90.21,0.04,0.0,9.3,4.464
PR,2015-07-08,24.6,32.1,27.33,78.0,94.0,89.08,0.5,0.0,14.46,6.9408
PR,2015-07-09,24.2,31.9,26.99,76.0,95.0,89.79,0.31,0.0,14.15,6.792
PR,2015-07-10,22.8,26.0,24.71,90.0,95.0,93.17,0.17,26.92,4.03,1.9344000000000001
PR,2015-07-11,23.1,28.3,25.48,86.0,95.0,92.04,0.22,0.25,8.7,4.175999999999999
PR,2015-07-12,24.4,32.6,27.04,74.0,95.0,88.38,0.17,9.28,16.99,8.155199999999999
PR,2015-07-13,24.2,32.0,27.06,75.0,94.0,89.08,0.28,0.0,15.12,7.257599999999999
PR,2015-07-14,25.2,31.6,26.77,78.0,94.0,90.29,0.2,3.53,13.18,6.3264
PR,2015-07-15,24.4,31.3,26.64,76.0,94.0,90.21,0.17,12.18,12.92,6.2016
PR,2015-07-16,24.1,28.3,25.64,88.0,95.0,93.17,0.24,9.93,7.78,3.7344
PR,2015-07-17,23.1,31.6,26.07,77.0,96.0,90.71,0.26,4.24,13.47,6.4656
PR,2015-07-18,23.2,30.8,26.66,80.0,95.0,89.92,0.65,0.0,17.53,8.4144
PR,2015-07-19,25.3,28.2,26.12,88.0,94.0,92.79,0.24,4.25,7.44,3.5712
PR,2015-07-20,24.6,28.9,26.0,83.0,95.0,91.33,0.76,7.64,11.53,5.5344
PR,2015-07-21,23.1,30.6,26.32,78.0,95.0,88.46,0.54,0.05,17.03,8.1744
PR,2015-07-22,23.4,30.1,26.09,82.0,95.0,90.13,0.37,0.0,13.94,6.691199999999999
PR,2015-07-23,23.7,30.1,26.13,81.0,95.0,89.92,0.46,4.0,10.85,5.207999999999999
PR,2015-07-24,23.7,25.6,24.47,93.0,96.0,94.75,0.06,67.1,2.65,1.272
PR,2015-07-25,23.6,28.3,24.93,87.0,96.0,93.83,0.17,0.5,9.27,4.449599999999999
PR,2015-07-26,23.3,28.2,25.03,88.0,95.0,93.21,0.24,18.98,6.46,3.1008
PR,2015-07-27,23.3,25.8,24.5,93.0,95.0,94.46,0.13,17.68,2.43,1.1664
PR,2015-07-28,22.8,27.9,24.71,84.0,96.0,91.71,0.13,4.93,7.82,3.7536
PR,2015-07-29,21.3,29.4,24.87,77.0,95.0,89.13,0.35,0.25,13.38,6.4224000000000006
PR,2015-07-30,22.6,29.2,25.1,78.0,95.0,89.58,0.56,0.0,12.9,6.192
PR,2015-07-31,23.1,30.5,25.94,78.0,95.0,89.08,0.26,1.13,12.7,6.095999999999999
PR,2015-08-01,23.5,29.8,25.98,83.0,94.0,89.46,0.39,0.0,10.66,5.1168
PR,2015-08-02,23.7,29.7,25.73,80.0,95.0,91.08,0.35,1.63,11.04,5.299199999999999
PR,2015-08-03,23.6,29.6,25.66,84.0,94.0,91.58,0.26,6.13,10.53,5.054399999999999
PR,2015-08-04,22.8,28.6,24.79,88.0,95.0,92.96,0.2,25.05,7.2,3.456
PR,2015-08-05,21.4,29.9,25.35,80.0,95.0,90.0,0.35,0.0,15.51,7.4448
PR,2015-08-06,22.2,31.1,25.56,79.0,94.0,89.42,0.28,0.0,11.99,5.7552
PR,2015-08-07,22.4,28.3,25.15,88.0,94.0,91.88,0.37,3.8,8.52,4.0896
PR,2015-08-08,23.9,28.2,25.37,87.0,94.0,91.92,0.17,0.0,8.66,4.1568
PR,2015-08-09,23.8,27.7,25.16,88.0,93.0,91.75,0.31,6.7,6.33,3.0383999999999998
PR,2015-08-10,23.8,29.8,25.8,82.0,93.0,90.25,0.39,3.45,12.87,6.177599999999999
PR,2015-08-11,23.7,27.4,25.05,89.0,93.0,90.92,0.44,1.0,8.7,4.175999999999999
PR,2015-08-12,23.6,27.3,24.83,89.0,93.0,91.08,0.37,1.1,6.89,3.3072
PR,2015-08-13,23.6,28.7,25.23,87.0,92.0,90.33,0.19,1.43,7.53,3.6144
PR,2015-08-14,23.8,29.8,25.83,81.0,91.0,88.79,0.39,0.43,9.59,4.6032
PR,2015-08-15,23.8,30.3,25.73,81.0,91.0,88.29,0.11,3.63,8.94,4.2912
PR,2015-08-16,23.8,28.3,25.3,87.0,90.0,88.96,0.33,3.26,8.82,4.2336
PR,2015-08-17,23.8,31.3,26.65,75.0,90.0,86.04,0.48,18.8,16.94,8.1312
PR,2015-08-18,24.3,26.6,25.06,88.0,88.0,88.0,0.07,7.5,4.13,1.9824
PR,2015-08-19,23.9,29.2,25.13,87.0,89.0,88.25,0.11,3.05,6.96,3.3407999999999998
PR,2015-08-20,23.6,29.3,25.25,85.0,90.0,88.25,0.3,1.83,9.54,4.579199999999999
PR,2015-08-21,23.4,27.1,24.81,86.0,89.0,87.58,0.22,4.55,7.7,3.6959999999999997
PR,2015-08-22,23.6,29.8,25.69,84.0,88.0,86.54,0.43,0.0,12.26,5.884799999999999
PR,2015-08-23,22.3,28.6,24.63,79.0,94.0,88.96,0.20691121139835403,20.75,11.36,5.4528
PR,2015-08-24,22.9,28.8,24.64,82.0,95.0,87.0,0.13,4.28,8.83,4.2383999999999995
PR,2015-08-25,22.7,29.3,25.19,87.0,98.0,94.79,0.19,3.88,8.82,4.2336
PR,2015-08-26,23.6,29.2,25.51,82.0,99.0,95.08,0.3,12.25,10.8,5.184
PR,2015-08-27,22.2,29.4,25.21,81.0,99.0,92.38,0.3,3.75,10.57,5.0736
PR,2015-08-28,23.6,26.1,24.38,97.0,99.0,98.04,0.13,32.3,3.87,1.8576
PR,2015-08-29,23.4,27.7,24.68,90.0,99.0,97.79,0.20691121139835403,8.75,6.09,2.9232
PR,2015-08-30,22.5,29.2,25.2,83.0,99.0,93.25,0.37,2.5,11.57,5.5536
PR,2015-08-31,22.9,28.7,24.3,84.0,99.0,94.46,0.06,3.67,6.27,3.0096
PR,2015-09-01,22.9,27.6,24.53,89.0,99.0,97.29,0.04,8.98,6.48,3.1104000000000003
PR,2015-09-02,22.7,27.7,23.96,94.0,99.0,97.33,0.03,11.3,5.11,2.4528
PR,2015-09-03,23.0,28.5,24.7,85.0,99.0,95.04,0.03,18.13,7.6,3.6479999999999997
PR,2015-09-04,21.9,29.8,25.34,81.0,99.0,92.63,0.05,20.5,9.38,4.502400000000001
PR,2015-09-05,23.5,25.4,24.05,93.0,98.0,96.96,0.03,16.58,3.0,1.44
PR,2015-09-06,23.1,29.6,24.84,80.0,99.0,94.46,0.09,9.85,9.09,4.3632
PR,2015-09-07,22.0,27.2,23.78,87.0,98.0,96.29,0.02,2.5,5.73,2.7504
PR,2015-09-08,22.3,30.9,25.1,85.0,99.0,96.04,0.14,11.55,11.57,5.5536
PR,2015-09-09,23.7,26.8,24.36,93.0,99.0,97.04,0.03,32.35,4.53,2.1744
PR,2015-09-10,23.2,31.8,25.95,74.0,99.0,92.83,0.21,10.95,11.52,5.529599999999999
PR,2015-09-11,22.7,31.3,26.16,72.0,98.0,90.54,0.85,1.33,13.83,6.6384
PR,2015-09-12,23.8,31.3,26.55,71.0,98.0,89.33,0.91,6.43,11.02,5.289599999999999
PR,2015-09-13,24.5,27.9,25.5,90.0,98.0,95.5,1.1,21.25,7.81,3.7487999999999997
PR,2015-09-14,22.3,29.3,24.36,77.0,99.0,94.83,0.69,53.4,8.44,4.0512
PR,2015-09-15,21.9,30.5,24.97,78.0,98.0,93.21,1.06,13.1,12.37,5.9376
PR,2015-09-16,23.8,28.2,25.22,89.0,99.0,95.63,1.43,4.8,8.37,4.0176
PR,2015-09-17,23.3,29.1,24.97,85.0,92.0,90.33,0.20691121139835403,3.77,10.59,5.0832
PR,2015-09-18,23.1,29.7,25.1,83.0,93.0,90.09,0.05,1.53,9.1,4.367999999999999
PR,2015-09-19,23.1,29.7,25.09,80.0,92.0,89.67,0.07,5.73,8.92,4.2816
PR,2015-09-20,22.3,31.3,24.9,80.0,93.0,90.92,0.05,33.83,9.63,4.6224
PR,2015-09-21,22.6,31.1,25.99,77.0,93.0,87.83,0.1,15.0,13.36,6.4128
PR,2015-09-22,23.4,30.7,25.57,76.0,97.0,88.64,0.07,20.37,12.58,6.0384
PR,2015-09-23,22.3,32.2,26.15,74.0,99.0,90.38,0.11,0.83,15.41,7.3968
PR,2015-09-24,21.7,30.7,24.58,81.0,99.0,95.04,0.05,10.83,9.07,4.3536
PR,2015-09-25,21.6,28.6,24.27,83.0,99.0,94.13,0.20691121139835403,0.0,8.04,3.8591999999999995
PR,2015-09-26,23.2,31.6,26.31,73.0,99.0,90.25,0.03,0.0,13.87,6.6575999999999995
PR,2015-09-27,22.8,32.1,25.77,76.0,99.0,93.46,0.07,2.3,15.74,7.5552
PR,2015-09-28,23.1,31.5,26.05,77.0,99.0,92.79,0.09,11.67,14.67,7.0416
PR,2015-09-29,22.8,28.8,24.51,87.0,99.0,96.71,0.05,5.5,7.48,3.5904000000000003
PR,2015-09-30,23.2,31.1,25.86,82.0,99.0,93.0,0.11,4.0,14.84,7.1232
PR,2015-10-01,23.1,31.7,26.12,76.0,99.0,91.42,0.28,0.4,12.71,6.1008000000000004
PR,2015-10-02,22.4,32.4,25.36,76.0,99.0,92.83,0.28,3.57,12.62,6.057599999999999
PR,2015-10-03,21.8,31.9,25.68,73.0,98.0,91.21,0.28,0.0,15.11,7.2528
PR,2015-10-04,23.3,32.6,26.62,71.0,99.0,89.96,0.41,20.03,19.45,9.335999999999999
PR,2015-10-05,23.7,33.2,26.56,73.0,98.0,92.71,0.28,35.0,12.19,5.8511999999999995
PR,2015-10-06,21.7,31.2,25.26,76.0,99.0,90.75,0.2,8.94,14.88,7.1424
PR,2015-10-07,21.9,29.1,24.95,85.0,99.0,93.46,0.11,0.0,9.62,4.6175999999999995
PR,2015-10-08,21.7,32.3,25.24,75.0,99.0,92.29,0.15,25.84,14.29,6.8591999999999995
PR,2015-10-09,22.1,31.8,25.35,73.0,98.0,91.67,0.19,7.84,13.45,6.4559999999999995
PR,2015-10-10,22.2,33.6,26.16,61.0,99.0,88.29,0.06,0.0,20.19,9.6912
PR,2015-10-11,21.1,28.6,23.83,87.0,98.0,96.58,0.04,8.17,5.16,2.4768
PR,2015-10-12,20.3,33.7,25.64,64.0,99.0,89.08,0.15,0.0,18.03,8.6544
PR,2015-10-13,22.7,33.1,26.84,73.0,98.0,91.38,0.3,1.73,13.43,6.4464
PR,2015-10-14,21.8,27.6,24.27,85.0,98.0,95.17,0.04,22.2,7.35,3.5279999999999996
PR,2015-10-15,21.1,33.6,26.55,65.0,99.0,88.17,0.0,1.0,16.93,8.1264
PR,2015-10-16,23.6,32.9,27.4,75.0,98.0,89.67,0.37,1.16,17.12,8.217600000000001
PR,2015-10-17,23.8,32.7,26.89,73.0,98.0,91.13,0.37,0.0,14.73,7.0704
PR,2015-10-18,23.6,32.5,26.65,75.0,99.0,91.75,0.19,0.0,14.59,7.0032
PR,2015-10-19,22.7,33.6,25.79,73.0,99.0,92.88,0.15,6.13,12.16,5.8368
PR,2015-10-20,22.2,33.0,24.93,76.0,99.0,94.46,0.17,6.33,12.74,6.1152
PR,2015-10-21,22.2,33.2,25.96,74.0,99.0,93.58,0.15,0.0,13.66,6.5568
PR,2015-10-22,23.2,31.8,26.63,74.0,99.0,90.04,0.35,0.0,15.2,7.295999999999999
PR,2015-10-23,23.1,33.0,25.98,71.0,99.0,93.67,0.19,6.33,10.1,4.848
PR,2015-10-24,23.5,31.8,25.48,78.0,99.0,95.63,0.19,5.03,9.45,4.536
PR,2015-10-25,23.6,33.2,27.61,74.0,97.0,88.08,0.44,12.43,18.11,8.6928
PR,2015-10-26,22.8,33.1,27.21,66.0,98.0,88.67,0.87,7.33,16.6,7.968
PR,2015-10-27,22.7,31.1,25.3,78.0,98.0,91.71,0.11,31.13,10.05,4.824
PR,2015-10-28,22.6,30.6,25.57,79.0,99.0,93.91,0.07,26.23,11.41,5.4768
PR,2015-10-29,22.8,28.9,25.35,85.0,99.0,94.58,0.0,9.6,7.36,3.5328
PR,2015-10-30,22.3,32.8,27.24,66.0,99.0,86.71,0.0,0.0,19.84,9.5232
PR,2015-10-31,24.2,33.8,26.93,68.0,98.0,88.91,0.019,13.33,14.56,6.9888
PR,2015-11-01,23.6,32.3,25.79,73.0,98.0,92.79,0.06,32.17,11.43,5.4864
PR,2015-11-02,22.0,29.6,24.9,81.0,99.0,93.54,0.35,15.1,13.3,6.384
PR,2015-11-03,23.0,32.5,26.54,70.0,99.0,89.63,0.0,0.17,13.08,6.2783999999999995
PR,2015-11-04,22.7,34.9,27.26,55.0,99.0,86.88,0.074,0.0,18.69,8.9712
PR,2015-11-05,22.5,33.6,26.9,72.0,99.0,89.17,0.222,0.0,13.75,6.6
PR,2015-11-06,23.7,32.3,26.56,67.0,94.0,88.29,0.611,0.0,14.78,7.094399999999999
PR,2015-11-07,23.1,32.4,25.94,71.0,94.0,89.04,0.833,1.87,14.96,7.1808000000000005
PR,2015-11-08,21.9,32.1,25.48,69.0,94.0,90.13,0.611,0.0,13.52,6.489599999999999
PR,2015-11-09,23.2,31.9,26.53,70.0,94.0,87.75,0.648,0.0,16.87,8.0976
PR,2015-11-10,23.8,30.5,26.49,79.0,94.0,89.75,0.556,0.0,9.18,4.4064
PR,2015-11-11,23.5,33.2,27.12,60.0,94.0,85.21,0.407,0.0,15.58,7.4784
PR,2015-11-12,23.4,34.5,28.19,58.0,99.0,84.33,0.056,0.0,18.63,8.9424
PR,2015-11-13,22.8,35.1,27.88,54.0,99.0,85.42,0.20691121139835403,0.0,18.71,8.9808
PR,2015-11-14,23.4,34.1,27.25,62.0,99.0,88.7,0.07,0.0,14.05,6.744
PR,2015-11-15,22.6,34.1,25.73,65.0,99.0,91.63,0.28,4.07,12.85,6.167999999999999
PR,2015-11-16,22.1,34.0,27.13,62.0,99.0,87.54,0.20691121139835403,0.0,17.04,8.1792
PR,2015-11-17,23.2,34.4,27.57,59.0,99.0,86.96,0.02,0.0,16.08,7.718399999999999
PR,2015-11-18,22.9,35.1,27.68,55.0,99.0,85.21,0.20691121139835403,0.0,18.32,8.7936
PR,2015-11-19,22.7,34.5,27.03,57.0,99.0,87.83,0.20691121139835403,0.0,14.15,6.792
PR,2015-11-20,23.0,33.6,27.4,63.0,99.0,87.58,0.04,0.0,15.85,7.608
PR,2015-11-21,23.3,34.7,27.65,56.0,99.0,86.25,0.02,0.0,15.75,7.56
PR,2015-11-22,23.0,34.8,27.62,54.0,99.0,86.21,0.20691121139835403,0.0,16.37,7.857600000000001
PR,2015-11-23,23.8,34.9,27.96,54.0,98.0,83.33,1.03,0.0,16.09,7.723199999999999
PR,2015-11-24,23.0,34.9,27.7,58.0,99.0,86.71,0.20691121139835403,0.0,15.0,7.199999999999999
PR,2015-11-25,23.3,34.8,27.94,58.0,98.0,85.29,0.20691121139835403,0.0,17.03,8.1744
PR,2015-11-26,23.1,35.4,27.8,53.0,99.0,85.42,0.06,0.0,18.3,8.784
PR,2015-11-27,22.3,34.3,27.44,67.0,99.0,86.58,0.37,0.0,16.69,8.0112
PR,2015-11-28,22.9,35.9,27.53,55.0,98.0,85.38,0.17,0.0,17.34,8.3232
PR,2015-11-29,21.9,35.1,27.09,62.0,99.0,88.58,0.2,0.0,16.26,7.8048
PR,2015-11-30,23.2,34.5,27.23,63.0,99.0,87.96,0.11,0.0,14.51,6.964799999999999
PR,2015-12-01,22.9,35.1,27.15,62.0,98.0,87.08,0.093,13.4,15.507,7.443359999999999
PR,2015-12-02,22.8,32.1,26.32,57.0,99.0,86.92,0.13,1.8,12.546,6.02208
PR,2015-12-03,20.4,31.1,24.84,53.0,97.0,81.58,0.204,0.0,14.096,6.76608
PR,2015-12-04,19.7,31.5,24.56,44.0,96.0,78.5,0.204,0.0,14.64,7.0272
PR,2015-12-05,19.2,32.3,24.48,42.0,97.0,79.0,0.037,0.0,14.935,7.1688
PR,2015-12-06,18.3,32.4,23.79,46.0,97.0,79.7,0.259,0.0,15.831,7.598879999999999
PR,2015-12-07,16.5,32.9,23.78,34.0,98.0,74.38,0.13,0.0,17.519,8.40912
PR,2015-12-08,15.4,33.6,23.35,35.0,98.0,74.67,0.259,0.0,17.608,8.45184
PR,2015-12-09,17.2,34.2,24.1,36.0,98.0,78.17,0.037,0.0,16.259,7.80432
PR,2015-12-10,17.8,34.1,24.38,35.0,96.0,76.38,0.13,0.0,16.45,7.895999999999999
PR,2015-12-11,16.1,33.9,23.78,31.0,98.0,75.54,0.13,0.0,16.856,8.09088
PR,2015-12-12,17.1,34.3,24.2,30.0,93.0,71.83,0.074,0.0,16.931,8.12688
PR,2015-12-13,15.6,34.6,23.71,27.0,98.0,73.71,0.019,0.0,16.921,8.122079999999999
PR,2015-12-14,15.6,34.4,23.38,26.0,98.0,72.88,0.111,0.0,16.842,8.084159999999999
PR,2015-12-15,13.6,34.6,22.89,26.0,98.0,73.04,0.222,0.0,17.5,8.4
PR,2015-12-16,13.7,34.9,22.97,22.0,98.0,68.96,0.389,0.0,17.986,8.63328
PR,2015-12-17,13.9,34.2,23.13,20.0,98.0,70.54,0.13,0.0,17.19,8.2512
PR,2015-12-18,15.1,33.1,23.25,26.0,97.0,70.46,0.148,0.0,13.189,6.3307199999999995
PR,2015-12-19,17.0,34.7,24.24,24.0,96.0,69.75,0.148,0.0,15.878,7.62144
PR,2015-12-20,15.2,34.3,23.63,25.0,97.0,71.46,0.074,0.0,15.766,7.567679999999999
PR,2015-12-21,16.1,34.5,23.75,26.0,96.0,70.04,0.167,0.0,15.636,7.505279999999999
PR,2015-12-22,14.3,33.7,22.79,25.0,97.0,68.33,0.502,0.0,15.55,7.464
PR,2015-12-23,13.6,33.3,22.53,28.0,97.0,69.46,0.259,0.0,15.617,7.49616
PR,2015-12-24,16.3,33.6,23.32,25.0,95.0,66.92,0.241,0.0,16.4,7.871999999999999
PR,2015-12-25,17.2,33.3,23.78,27.0,91.0,65.92,0.352,0.0,15.007,7.20336
PR,2015-12-26,16.0,34.2,23.87,28.0,96.0,68.0,0.259,0.0,14.888,7.14624
PR,2015-12-27,15.9,34.8,24.28,25.0,97.0,68.25,0.259,0.0,15.546,7.462079999999999
PR,2015-12-28,15.9,35.8,24.5,24.0,97.0,71.74,0.074,0.0,16.773,8.05104
PR,2015-12-29,16.2,36.8,24.55,23.0,97.0,72.79,0.111,0.0,16.752,8.040959999999998
PR,2015-12-30,16.9,34.9,24.43,35.0,97.0,76.83,0.111,0.0,15.957,7.65936
PR,2015-12-31,18.4,34.1,25.25,51.0,98.0,82.79,0.13,0.0,14.426,6.92448
PR,2016-01-01,18.6,34.6,24.97,31.0,97.0,74.04,0.17,0.0,14.55,6.984
PR,2016-01-02,14.7,35.4,23.85,21.0,96.0,65.88,0.48,0.0,17.16,8.2368
PR,2016-01-03,15.4,34.3,23.65,24.0,96.0,67.63,0.45,0.0,13.92,6.6815999999999995
PR,2016-01-04,14.7,35.2,23.93,25.0,96.0,65.96,0.33,0.0,16.87,8.0976
PR,2016-01-05,16.9,33.8,24.15,41.0,96.0,75.5,0.11,0.0,13.9,6.672
PR,2016-01-06,19.2,33.6,25.07,53.0,98.0,83.54,0.17,0.0,12.97,6.2256
PR,2016-01-07,18.0,34.7,25.13,50.0,98.0,82.38,0.19,0.0,14.35,6.888
PR,2016-01-08,19.3,34.1,26.02,60.0,98.0,85.17,0.22,0.0,13.91,6.6768
PR,2016-01-09,22.2,34.2,26.96,61.0,98.0,86.83,0.22,0.0,11.79,5.659199999999999
PR,2016-01-10,22.7,33.9,27.15,66.0,98.0,87.54,0.19,0.0,10.8,5.184
PR,2016-01-11,22.5,35.5,27.87,55.0,98.0,84.29,0.28,0.0,14.34,6.8831999999999995
PR,2016-01-12,22.3,36.2,27.84,43.0,98.0,81.71,0.2,0.0,14.94,7.1712
PR,2016-01-13,21.7,34.7,27.11,56.0,98.0,84.58,0.15,0.0,11.57,5.5536
PR,2016-01-14,22.0,35.1,27.39,49.0,98.0,83.71,0.04,0.0,13.38,6.4224000000000006
PR,2016-01-15,22.0,34.3,27.01,54.0,98.0,84.92,0.20691121139835403,0.0,13.07,6.2736
PR,2016-01-16,22.9,33.8,27.18,63.0,98.0,87.13,0.43,0.0,11.7,5.616
PR,2016-01-17,22.9,34.7,27.77,60.0,98.0,86.58,0.20691121139835403,0.0,12.28,5.894399999999999
PR,2016-01-18,23.5,34.6,27.02,65.0,98.0,88.38,0.04,0.0,9.52,4.569599999999999
PR,2016-01-19,22.7,33.7,26.81,70.0,99.0,89.17,0.20691121139835403,0.0,10.75,5.16
PR,2016-01-20,21.1,35.6,26.39,30.0,99.0,79.13,0.02,0.0,15.37,7.377599999999999
PR,2016-01-21,19.7,35.6,26.02,33.0,98.0,80.71,0.11,0.0,14.24,6.8351999999999995
PR,2016-01-22,21.2,31.5,25.16,72.0,98.0,91.46,0.07,0.0,7.07,3.3936
PR,2016-01-23,21.1,34.7,26.66,48.0,99.0,82.54,0.09,0.0,13.92,6.6815999999999995
PR,2016-01-24,20.3,35.0,25.63,22.0,99.0,75.38,0.13,0.0,12.28,5.894399999999999
PR,2016-01-25,16.1,34.8,24.38,17.0,92.0,59.58,0.48,0.0,12.35,5.928
PR,2016-01-26,16.0,33.9,23.91,19.0,95.0,61.58,0.47,0.0,12.79,6.1392
PR,2016-01-27,17.8,34.9,24.76,20.0,92.0,57.29,0.39,0.0,13.32,6.3936
PR,2016-01-28,16.7,35.6,24.88,19.0,94.0,60.63,0.35,0.0,13.82,6.6335999999999995
PR,2016-01-29,16.9,35.2,24.65,17.0,93.0,59.04,0.41,0.0,12.69,6.0912
PR,2016-01-30,15.0,35.7,24.29,16.0,93.0,58.04,0.37,0.0,14.2,6.816
PR,2016-01-31,16.6,34.3,24.19,27.0,94.0,67.13,0.06,0.0,11.13,5.3424000000000005
PR,2016-02-01,17.2,32.6,23.86,42.0,95.0,76.38,0.13,0.0,11.16,5.3568
PR,2016-02-02,18.0,34.3,25.36,52.0,97.0,80.96,0.111,0.0,12.293,5.900639999999999
PR,2016-02-03,22.0,34.3,26.84,53.0,98.0,83.33,0.204,0.0,12.304,5.90592
PR,2016-02-04,21.5,34.8,26.97,61.0,98.0,84.46,0.296,0.0,12.948,6.21504
PR,2016-02-05,22.9,35.5,27.78,55.0,98.0,82.25,0.222,0.0,13.473,6.46704
PR,2016-02-06,22.5,36.2,27.85,51.0,98.0,82.0,0.241,0.0,13.596,6.526079999999999
PR,2016-02-07,22.0,35.7,27.6,45.0,98.0,79.67,0.259,0.0,13.398,6.431039999999999
PR,2016-02-08,22.4,35.3,27.8,55.0,98.0,81.67,0.185,0.0,12.203,5.8574399999999995
PR,2016-02-09,22.3,36.5,27.94,35.0,98.0,76.96,0.111,0.0,12.102,5.80896
PR,2016-02-10,20.4,37.7,28.09,12.0,86.0,53.21,0.74,0.0,13.93,6.6864
PR,2016-02-11,19.5,37.2,27.37,22.0,88.0,61.92,0.89,0.0,13.2,6.335999999999999
PR,2016-02-12,22.4,34.4,27.42,47.0,96.0,77.42,0.59,0.0,10.6,5.088
PR,2016-02-13,22.6,34.2,27.53,50.0,95.0,77.58,0.91,0.0,11.71,5.6208
PR,2016-02-14,22.1,34.1,27.18,60.0,98.0,84.67,0.315,0.0,12.031,5.7748800000000005
PR,2016-02-15,23.3,33.8,27.69,64.0,98.0,86.25,0.204,0.0,10.738,5.15424
PR,2016-02-16,23.9,35.7,28.47,58.0,98.0,84.71,0.37,0.0,11.772,5.65056
PR,2016-02-17,24.1,36.0,28.62,57.0,98.0,84.21,0.426,0.17,13.682,6.56736
PR,2016-02-18,24.3,36.2,28.72,61.0,97.0,84.46,0.667,0.0,12.606,6.050879999999999
PR,2016-02-19,23.7,36.1,28.7,58.0,98.0,83.08,0.389,0.0,13.762,6.60576
PR,2016-02-20,24.2,37.1,29.23,56.0,98.0,83.21,0.481,0.0,13.329,6.39792
PR,2016-02-21,25.1,37.3,29.43,48.0,97.0,82.5,0.315,0.0,12.315,5.911199999999999
PR,2016-02-22,24.9,36.4,29.36,58.0,97.0,82.58,0.389,0.0,12.837,6.161759999999999
PR,2016-02-23,25.2,35.3,29.09,65.0,98.0,84.63,0.444,0.33,12.753,6.12144
PR,2016-02-24,24.7,36.8,29.63,53.0,97.0,81.79,0.351852,0.0,16.45,7.895999999999999
PR,2016-02-25,25.3,36.9,29.68,56.0,97.0,81.54,0.426,0.66,12.927,6.20496
PR,2016-02-26,25.3,34.7,28.81,66.0,97.0,86.21,0.352,0.46,11.429,5.48592
PR,2016-02-27,24.4,35.3,28.82,63.0,98.0,85.13,0.352,1.0,13.952,6.69696
PR,2016-02-28,23.8,36.2,29.2,59.0,98.0,83.63,0.556,0.0,14.017,6.72816
PR,2016-02-29,24.9,36.3,29.59,59.0,97.0,82.5,0.481,14.0,16.245,7.7976
PR,2016-03-01,22.2,33.1,26.93,67.0,98.0,88.42,0.447,21.7,12.722,6.10656
PR,2016-03-02,23.6,35.8,28.68,57.0,98.0,81.96,0.444,0.0,18.152,8.71296
PR,2016-03-03,23.3,36.0,28.63,59.0,98.0,83.5,0.463,0.0,16.939,8.13072
PR,2016-03-04,23.7,36.7,29.4,56.0,98.0,82.33,0.519,5.03,18.343,8.80464
PR,2016-03-05,22.6,27.6,24.88,92.0,98.0,95.0,0.111,15.5,3.851,1.84848
PR,2016-03-06,24.1,33.8,27.6,68.0,98.0,88.0,0.148,0.0,11.969,5.745119999999999
PR,2016-03-07,24.5,36.3,29.2,56.0,98.0,79.3,0.3,0.0,19.966,9.58368
PR,2016-03-08,24.6,32.9,27.19,71.0,97.0,91.21,0.13,1.37,10.797,5.1825600000000005
PR,2016-03-09,22.8,35.4,28.32,59.0,98.0,84.33,0.259,0.0,20.383,9.78384
PR,2016-03-10,24.8,35.6,29.21,61.0,98.0,84.83,0.5,0.0,18.562,8.90976
PR,2016-03-11,25.2,35.3,29.28,66.0,97.0,83.92,0.426,0.0,15.913,7.63824
PR,2016-03-12,25.0,36.3,28.57,61.0,98.0,85.88,0.426,5.23,16.789,8.058720000000001
PR,2016-03-13,21.1,32.8,25.07,69.0,99.0,92.75,0.389,57.0,9.828,4.71744
PR,2016-03-14,21.5,32.2,26.33,73.0,99.0,89.96,0.0,0.0,14.176,6.80448
PR,2016-03-15,23.0,36.9,28.75,58.0,98.0,83.42,0.185,0.0,22.549,10.823519999999998
PR,2016-03-16,25.5,35.8,29.55,61.0,98.0,84.17,0.389,0.0,21.732,10.43136
PR,2016-03-17,24.9,34.8,28.94,67.0,98.0,87.04,0.407,0.0,17.756,8.52288
PR,2016-03-18,22.2,34.8,24.97,67.0,98.0,93.88,1.1,33.63,6.87,3.2976
PR,2016-03-19,23.5,34.3,28.07,63.0,99.0,85.46,0.167,0.0,20.552,9.86496
PR,2016-03-20,23.3,34.7,28.14,68.0,98.0,86.33,0.333,0.0,18.058,8.66784
PR,2016-03-21,23.3,34.1,27.9,67.0,97.0,86.54,0.37,2.5,18.148,8.711039999999999
PR,2016-03-22,23.7,34.8,28.48,67.0,98.0,87.17,0.315,0.0,20.218,9.70464
PR,2016-03-23,24.1,33.7,27.6,77.0,98.0,90.67,0.315,0.47,13.362,6.41376
PR,2016-03-24,23.4,33.0,26.34,74.0,98.0,92.63,0.204,23.63,12.037,5.77776
PR,2016-03-25,24.2,34.1,27.4,73.0,99.0,91.63,0.148,0.0,15.302,7.3449599999999995
PR,2016-03-26,24.3,33.3,27.02,76.0,98.0,93.5,0.093,12.33,11.188,5.37024
PR,2016-03-27,24.2,33.3,27.21,76.0,99.0,93.21,1.212,4.17,10.188,4.89024
PR,2016-03-28,25.7,34.7,28.66,69.0,99.0,89.38,0.185,0.0,17.392,8.34816
PR,2016-03-29,24.9,35.1,28.6,69.0,98.0,86.79,1.164,0.0,18.177,8.72496
PR,2016-03-30,24.2,32.8,27.61,80.0,97.0,90.5,0.167,1.04,12.233,5.87184
PR,2016-03-31,25.0,34.1,28.93,72.0,98.0,87.83,0.407,0.93,18.961,9.10128
PR,2016-04-01,25.2,32.8,27.69,77.0,98.0,92.04,0.222,17.55,11.75,5.64
PR,2016-04-02,24.6,33.8,28.2,72.0,98.0,89.13,0.389,0.0,18.008,8.643839999999999
PR,2016-04-03,24.4,35.0,28.36,67.0,98.0,87.71,0.13,6.33,16.37,7.857600000000001
PR,2016-04-04,24.1,34.1,28.4,71.0,98.0,88.33,0.352,5.34,16.731,8.03088
PR,2016-04-05,25.0,34.5,28.7,73.0,98.0,88.92,0.39,1.95,16.323,7.83504
PR,2016-04-06,24.5,30.0,27.25,86.0,97.0,92.25,0.352,0.0,10.309,4.94832
PR,2016-04-07,24.2,35.7,28.53,52.0,98.0,81.71,0.148,0.0,23.981,11.51088
PR,2016-04-08,24.3,36.2,29.05,57.0,98.0,83.42,0.278,0.0,18.785,9.0168
PR,2016-04-09,22.3,36.3,26.36,63.0,98.0,89.45,0.311,16.24,15.057,7.22736
PR,2016-04-10,21.6,34.1,27.02,61.0,99.0,85.25,0.019,0.0,19.738,9.47424
PR,2016-04-11,23.2,34.9,28.05,62.0,98.0,84.38,0.074,0.0,19.883,9.54384
PR,2016-04-12,23.1,31.3,26.94,79.0,97.0,91.46,0.111,6.76,10.591,5.083679999999999
PR,2016-04-13,24.1,35.0,28.56,69.0,98.0,87.21,0.111,0.0,15.683,7.527839999999999
PR,2016-04-14,24.2,33.9,27.55,72.0,98.0,91.33,0.333,0.0,17.713,8.50224
PR,2016-04-15,21.7,31.9,25.95,74.0,99.0,91.17,0.297,54.01,15.054,7.2259199999999995
PR,2016-04-16,22.8,34.6,27.91,64.0,98.0,85.38,0.093,0.0,20.164,9.67872
PR,2016-04-17,23.8,35.3,28.8,62.0,98.0,83.67,0.037,0.0,21.182,10.167359999999999
PR,2016-04-18,23.7,34.3,28.24,69.0,98.0,87.21,0.185,0.0,18.371,8.818079999999998
PR,2016-04-19,23.8,33.6,27.7,68.0,98.0,89.29,0.037,0.0,16.266,7.807679999999999
PR,2016-04-20,24.1,35.6,28.11,66.0,98.0,86.21,0.241,0.0,19.494,9.35712
PR,2016-04-21,23.5,33.9,28.21,72.0,97.0,87.83,0.037,0.0,15.355,7.3704
PR,2016-04-22,23.9,35.9,29.08,60.0,98.0,84.71,0.111,0.0,21.477,10.308959999999999
PR,2016-04-23,24.1,35.9,29.02,65.0,98.0,85.75,0.241,0.0,20.038,9.61824
PR,2016-04-24,23.8,35.1,28.7,67.0,98.0,86.46,0.37,6.53,20.038,9.61824
PR,2016-04-25,24.2,34.4,28.13,65.0,97.0,86.71,0.093,0.0,15.705,7.538399999999999
PR,2016-04-26,24.2,33.8,27.28,77.0,98.0,91.33,0.185,0.0,12.34,5.9232
PR,2016-04-27,23.6,33.9,27.74,76.0,98.0,90.88,0.222,1.0,14.839,7.12272
PR,2016-04-28,22.1,27.7,24.37,91.0,98.0,96.13,0.148,14.25,3.772,1.8105599999999997
PR,2016-04-29,22.2,35.2,28.1,65.0,99.0,85.17,0.056,0.0,20.703,9.937439999999999
PR,2016-04-30,23.2,34.9,28.23,73.0,98.0,88.46,0.259,0.0,18.893,9.06864
PR,2016-05-01,24.8,34.3,28.69,70.0,98.0,88.38,0.241,0.0,17.674,8.483519999999999
PR,2016-05-02,23.4,34.9,28.09,68.0,98.0,87.5,0.378,17.97,17.288,8.29824
PR,2016-05-03,23.2,34.0,26.83,72.0,99.0,92.46,0.056,4.53,15.01,7.2048
PR,2016-05-04,22.9,33.8,27.08,72.0,98.0,90.04,0.111,0.0,13.578,6.51744
PR,2016-05-05,22.6,34.4,27.41,67.0,98.0,87.13,0.278,0.0,21.491,10.315679999999999
PR,2016-05-06,23.6,33.9,27.45,70.0,98.0,89.71,0.074,3.94,14.327,6.8769599999999995
PR,2016-05-07,23.3,33.6,28.04,74.0,99.0,88.92,0.426,0.0,19.53,9.3744
PR,2016-05-08,24.8,33.8,27.93,69.0,98.0,88.79,0.111,0.0,17.939,8.61072
PR,2016-05-09,23.0,35.2,28.28,65.0,98.0,86.54,0.093,0.0,20.811,9.989279999999999
PR,2016-05-10,22.9,32.6,26.75,73.0,97.0,88.33,0.148,0.43,16.828,8.07744
PR,2016-05-11,23.1,34.9,28.08,74.0,98.0,88.17,0.167,0.0,18.663,8.95824
PR,2016-05-12,22.2,29.7,25.88,80.0,98.0,91.67,0.186,13.78,13.661,6.5572799999999996
PR,2016-05-13,23.1,34.1,27.04,71.0,98.0,89.6,0.244,0.0,16.05,7.704
PR,2016-05-14,24.0,32.9,27.27,76.0,98.0,91.21,0.37,0.0,18.818,9.03264
PR,2016-05-15,23.2,28.9,25.31,87.0,98.0,94.67,0.093,0.4,5.995,2.8776
PR,2016-05-16,21.7,34.9,27.55,59.0,99.0,85.33,0.111,0.0,23.82,11.4336
PR,2016-05-17,24.6,31.0,26.92,79.0,98.0,91.08,0.389,0.0,13.784,6.61632
PR,2016-05-18,23.3,35.1,27.63,63.0,99.0,86.17,0.111,0.0,20.268,9.72864
PR,2016-05-19,23.6,33.2,27.8,72.0,98.0,88.46,0.259,0.0,17.983,8.63184
PR,2016-05-20,23.8,34.5,28.4,68.0,98.0,86.5,0.333,0.0,20.599,9.88752
PR,2016-05-21,24.9,33.1,26.77,74.0,97.0,92.83,0.093,0.0,11.135,5.344799999999999
PR,2016-05-22,24.2,28.5,25.87,88.0,98.0,95.29,0.019,22.47,9.072,4.354559999999999
PR,2016-05-23,23.5,29.6,25.58,82.0,99.0,94.96,0.111,12.49,10.472,5.02656
PR,2016-05-24,22.8,33.7,27.61,69.0,98.0,87.05,0.021,0.0,15.704,7.53792
PR,2016-05-25,22.2,32.4,24.62,79.0,99.0,95.29,0.148,13.2,8.543,4.100639999999999
PR,2016-05-26,22.0,33.4,26.03,74.0,99.0,93.0,0.111,9.9,16.821,8.07408
PR,2016-05-27,23.6,33.0,27.73,74.0,99.0,90.04,0.241,7.75,17.716,8.503680000000001
PR,2016-05-28,23.8,32.6,27.28,76.0,98.0,90.25,0.148,0.0,18.695,8.9736
PR,2016-05-29,23.3,33.2,25.6,78.0,99.0,94.17,0.093,0.0,11.879,5.701919999999999
PR,2016-05-30,22.6,31.3,25.85,80.0,99.0,93.0,0.056,12.09,12.527,6.01296
PR,2016-05-31,22.9,34.8,27.46,64.0,99.0,88.54,0.019,0.0,19.077,9.15696
PR,2016-06-01,24.0,34.5,27.6,68.0,98.0,90.33,0.093,0.46,16.669,8.00112
PR,2016-06-02,23.7,31.4,26.02,78.0,98.0,94.21,0.056,5.1,9.558,4.58784
PR,2016-06-03,23.2,34.4,26.9,67.0,99.0,89.88,0.111,0.0,19.199,9.21552
PR,2016-06-04,22.6,33.8,27.81,71.0,99.0,87.45,0.162,0.0,20.131,9.66288
PR,2016-06-05,24.3,32.0,27.02,78.0,98.0,92.04,0.296,0.0,15.759,7.5643199999999995
PR,2016-06-06,23.8,33.2,27.37,75.0,98.0,90.79,0.093,6.47,15.284,7.33632
PR,2016-06-07,22.2,25.2,23.87,95.0,99.0,97.5,0.223,5.0,4.182,2.0073600000000003
PR,2016-06-08,21.2,33.3,26.76,69.0,99.0,89.92,0.093,1.67,20.33,9.758399999999998
PR,2016-06-09,24.1,29.1,26.1,81.0,98.0,92.38,0.0,0.0,11.407,5.47536
PR,2016-06-10,22.8,32.0,26.51,71.0,99.0,88.96,0.019,0.0,16.439,7.89072
PR,2016-06-11,22.2,32.9,26.55,74.0,99.0,90.92,0.296,1.73,16.342,7.844159999999999
PR,2016-06-12,22.2,30.4,25.41,79.0,99.0,92.25,0.186,6.67,11.456,5.49888
PR,2016-06-13,23.6,28.7,25.98,88.0,99.0,94.83,0.056,1.6,7.903,3.7934399999999995
PR,2016-06-14,23.3,31.9,25.69,72.0,99.0,93.33,0.093,24.67,12.624,6.05952
PR,2016-06-15,23.0,25.5,23.99,96.0,99.0,97.63,0.148,91.93,5.34,2.5631999999999997
PR,2016-06-16,22.8,30.1,25.22,79.0,99.0,94.5,0.019,0.93,11.394,5.46912
PR,2016-06-17,23.6,33.6,26.25,70.0,99.0,91.71,0.148,1.77,16.936,8.12928
PR,2016-06-18,22.9,33.8,27.1,67.0,99.0,87.42,0.111,2.6,21.34,10.2432
PR,2016-06-19,22.7,30.8,25.21,79.0,98.0,94.83,0.222,34.77,11.31,5.4288
PR,2016-06-20,22.7,26.3,23.76,93.0,99.0,97.75,0.111,30.53,6.057,2.90736
PR,2016-06-21,22.3,29.9,25.75,81.0,99.0,92.05,0.037,7.44,14.751,7.08048
PR,2016-06-22,20.7,31.8,25.38,74.0,99.0,90.79,0.019,0.0,14.283,6.85584
PR,2016-06-23,21.5,30.4,24.8,80.0,99.0,94.5,0.185,3.4,11.959,5.74032
PR,2016-06-24,22.6,28.9,24.77,85.0,99.0,95.79,0.167,15.37,8.82,4.2336
PR,2016-06-25,21.9,30.4,24.53,83.0,99.0,96.21,0.148,8.5,9.616,4.615679999999999
PR,2016-06-26,22.2,30.7,25.95,76.0,99.0,91.58,0.278,23.48,17.786,8.53728
PR,2016-06-27,23.1,28.3,24.58,90.0,99.0,97.67,0.148,48.06,6.82,3.2736
PR,2016-06-28,22.9,29.2,25.2,81.0,100.0,93.63,0.111,0.0,11.857,5.6913599999999995
PR,2016-06-29,22.6,30.4,25.64,78.0,99.0,92.5,0.204,0.0,12.952,6.216959999999999
PR,2016-06-30,22.9,29.9,25.6,82.0,99.0,92.64,0.364,0.0,15.241,7.3156799999999995
PR,2016-07-01,21.3,31.3,25.63,75.0,99.0,90.67,0.185,0.0,16.305,7.8264
PR,2016-07-02,22.0,32.9,25.73,70.0,99.0,89.17,0.037,0.0,17.972,8.62656
PR,2016-07-03,22.4,32.2,25.68,75.0,99.0,92.13,0.093,2.33,13.747,6.59856
PR,2016-07-04,21.8,31.6,25.05,76.0,99.0,93.75,0.093,18.6,13.124,6.29952
PR,2016-07-05,22.5,28.9,24.65,86.0,99.0,95.63,0.13,63.47,8.756,4.20288
PR,2016-07-06,22.7,30.5,25.26,81.0,99.0,95.54,0.111,24.2,9.688,4.65024
PR,2016-07-07,23.8,31.2,26.55,81.0,100.0,92.61,0.222,1.67,16.334,7.840319999999999
PR,2016-07-08,23.7,31.2,26.68,82.0,99.0,92.38,0.37,6.03,15.197,7.29456
PR,2016-07-09,23.8,29.1,25.32,90.0,99.0,97.38,0.148,6.7,6.873,3.29904
PR,2016-07-10,23.6,28.6,25.52,87.0,100.0,95.88,0.111,70.13,8.046,3.8620799999999997
PR,2016-07-11,23.5,29.7,26.32,80.0,99.0,91.62,0.508,1.7,12.858,6.17184
PR,2016-07-12,23.2,30.3,25.9,77.0,99.0,91.25,0.37,0.0,14.539,6.97872
PR,2016-07-13,22.5,29.2,25.1,82.0,99.0,93.5,0.204,0.0,11.742,5.63616
PR,2016-07-14,23.3,29.4,25.37,80.0,99.0,94.17,0.185,0.43,9.029,4.33392
PR,2016-07-15,23.7,29.2,24.94,80.0,99.0,94.83,0.111,0.0,8.328,3.9974399999999997
PR,2016-07-16,23.2,29.5,25.58,83.0,99.0,92.79,0.167,4.23,10.911,5.237279999999999
PR,2016-07-17,22.5,28.9,24.86,83.0,99.0,94.04,0.093,0.37,8.022,3.8505599999999998
PR,2016-07-18,22.0,30.6,25.54,79.0,99.0,92.67,0.185,0.0,12.153,5.83344
PR,2016-07-19,23.3,28.2,24.55,88.0,99.0,96.58,0.148,19.46,5.153,2.4734399999999996
PR,2016-07-20,23.2,28.2,24.78,87.0,100.0,95.58,0.222,43.67,10.332,4.95936
PR,2016-07-21,23.2,28.0,24.91,89.0,100.0,97.13,0.111,10.23,6.615,3.1752
PR,2016-07-22,23.1,28.6,24.54,88.0,99.0,97.5,0.093,9.33,6.179,2.96592
PR,2016-07-23,23.1,27.1,24.63,93.0,100.0,97.78,0.123,21.76,6.248,2.99904
PR,2016-07-24,23.2,30.2,25.18,82.0,100.0,95.41,0.183,48.87,10.199,4.895519999999999
PR,2016-07-25,23.1,26.6,24.28,95.0,100.0,98.42,0.074,15.3,4.448,2.13504
PR,2016-07-26,23.4,28.3,25.24,86.0,100.0,96.0,0.111,0.0,8.878,4.26144
PR,2016-07-27,23.2,29.9,24.78,83.0,99.0,96.67,0.037,23.6,8.846,4.24608
PR,2016-07-28,23.3,28.9,24.33,85.0,100.0,98.38,0.074,38.6,6.373,3.05904
PR,2016-07-29,23.2,28.4,24.71,85.0,100.0,96.75,0.167,7.8,10.516,5.04768
PR,2016-07-30,23.3,29.8,25.32,82.0,99.0,94.25,0.426,17.87,13.553,6.50544
PR,2016-07-31,23.4,29.6,25.21,83.0,99.0,95.29,0.278,5.57,10.167,4.88016
PR,2016-08-01,23.4,28.7,25.3,84.0,100.0,94.96,0.296,0.5,9.705,4.658399999999999
PR,2016-08-02,23.8,29.3,25.73,81.0,99.0,93.33,0.463,0.6,11.325,5.435999999999999
PR,2016-08-03,23.9,29.5,25.9,82.0,99.0,93.17,0.296,2.97,12.718,6.10464
PR,2016-08-04,23.7,29.5,25.7,81.0,99.0,92.58,0.167,2.47,10.389,4.986719999999999
PR,2016-08-05,23.5,28.9,25.5,84.0,99.0,93.79,0.351,19.5,7.705,3.6984
PR,2016-08-06,23.1,27.7,25.56,87.0,99.0,93.71,0.418,0.0,7.519,3.60912
PR,2016-08-07,22.8,29.9,25.82,77.0,99.0,91.46,0.819,0.37,14.449,6.9355199999999995
PR,2016-08-08,21.6,29.7,24.97,78.0,100.0,92.46,0.13,0.0,11.714,5.62272
PR,2016-08-09,21.5,28.9,24.47,82.0,100.0,95.08,0.148,0.0,8.932,4.28736
PR,2016-08-10,21.8,29.8,25.28,81.0,100.0,92.92,0.278,0.0,11.613,5.57424
PR,2016-08-11,22.8,28.6,24.7,88.0,99.0,96.13,0.148,0.0,7.6,3.6479999999999997
PR,2016-08-12,23.7,29.6,25.76,82.0,99.0,93.46,0.241,1.63,12.545,6.021599999999999
PR,2016-08-13,23.7,28.0,25.04,88.0,99.0,95.42,0.352,0.33,8.882,4.26336
PR,2016-08-14,23.8,27.4,24.93,91.0,99.0,97.5,0.185,49.13,6.251,3.00048
PR,2016-08-15,23.4,28.7,24.95,88.0,100.0,96.25,0.241,0.0,7.633,3.66384
PR,2016-08-16,23.7,25.4,24.33,95.0,99.0,98.08,0.111,3.37,2.973,1.4270399999999999
PR,2016-08-17,23.3,28.8,25.1,85.0,100.0,95.04,0.111,0.0,9.307,4.46736
PR,2016-08-18,23.0,29.9,25.21,85.0,100.0,95.05,0.164,0.0,9.015,4.3272
PR,2016-08-19,21.7,28.9,24.15,86.0,100.0,96.61,0.346,25.9,5.909,2.8363199999999997
PR,2016-08-20,21.3,30.1,24.66,79.0,100.0,93.33,0.0,11.77,11.807,5.66736
PR,2016-08-21,23.8,29.1,25.55,86.0,99.0,94.29,0.222,1.93,9.835,4.7208000000000006
PR,2016-08-22,23.8,28.9,24.98,88.0,99.0,97.38,0.148,18.1,8.18,3.9263999999999997
PR,2016-08-23,23.4,27.2,24.6,94.0,100.0,98.17,0.222,0.6,6.802,3.26496
PR,2016-08-24,23.1,30.8,25.68,79.0,100.0,93.75,0.389,0.0,14.804,7.10592
PR,2016-08-25,23.1,28.9,24.83,90.0,100.0,96.13,0.259,4.13,9.137,4.38576
PR,2016-08-26,22.8,28.3,24.79,91.0,100.0,96.71,0.241,11.17,8.781,4.21488
PR,2016-08-27,23.7,28.2,24.79,90.0,100.0,97.88,0.111,0.0,5.538,2.65824
PR,2016-08-28,23.3,27.7,24.35,90.0,100.0,98.71,0.093,25.13,4.819,2.31312
PR,2016-08-29,22.4,31.9,25.8,69.0,100.0,92.29,0.037,14.93,14.517,6.968159999999999
PR,2016-08-30,23.2,29.6,25.55,84.0,100.0,94.79,0.093,5.06,11.177,5.36496
PR,2016-08-31,23.3,29.7,25.6,82.0,98.0,92.8,0.0,0.6,16.7,8.016
PR,2016-09-01,23.4,29.6,25.1,83.0,98.0,93.5,0.0,6.4,18.0,8.64
PR,2016-09-02,23.0,31.2,25.88,77.0,100.0,92.17,0.222,0.0,16.234,7.79232
PR,2016-09-03,22.4,31.0,25.67,77.0,100.0,92.83,0.426,1.77,18.447,8.85456
PR,2016-09-04,23.8,28.9,25.75,88.0,99.0,94.88,0.204,0.0,10.598,5.08704
PR,2016-09-05,23.3,31.3,25.13,78.0,99.0,95.61,0.222,15.67,10.224,4.90752
PR,2016-09-06,23.4,30.5,25.23,80.0,100.0,95.83,0.167,0.0,12.599,6.04752
PR,2016-09-07,23.2,32.2,26.18,73.0,100.0,92.54,0.185,0.83,18.429,8.84592
PR,2016-09-08,24.4,30.1,25.83,84.0,99.0,95.58,0.093,21.77,10.476,5.02848
PR,2016-09-09,24.3,29.2,25.73,88.0,100.0,95.79,0.315,9.5,11.634,5.58432
PR,2016-09-10,23.5,26.7,24.53,94.0,100.0,98.13,0.074,32.97,6.772,3.25056
PR,2016-09-11,23.6,30.3,25.98,83.0,100.0,94.17,0.37,10.77,17.59,8.4432
PR,2016-09-12,23.4,28.4,24.83,91.0,100.0,97.75,0.278,44.83,7.518,3.60864
PR,2016-09-13,23.1,31.2,24.85,82.0,99.0,95.44,0.20691121139835403,106.9,13.761418392070484,6.605480828193832
PR,2016-09-14,23.9,30.8,25.7,81.0,99.0,93.98,0.20691121139835403,20.2,13.761418392070484,6.605480828193832
PR,2016-09-15,23.7,29.3,25.38,86.0,100.0,95.5,0.241,1.63,13.049,6.26352
PR,2016-09-16,22.1,31.6,24.97,80.0,100.0,94.25,0.259,23.27,15.384,7.38432
PR,2016-09-17,21.6,31.8,25.38,70.0,100.0,90.75,0.019,6.73,18.318,8.79264
PR,2016-09-18,23.4,28.8,25.52,86.0,100.0,94.96,0.185,24.57,11.699,5.61552
PR,2016-09-19,22.9,28.7,25.15,88.0,100.0,96.04,0.241,4.17,12.599,6.04752
PR,2016-09-20,21.9,30.3,25.38,76.0,100.0,92.08,0.093,16.1,14.704,7.05792
PR,2016-09-21,21.3,30.7,24.13,84.0,100.0,96.79,0.204,45.03,10.85,5.207999999999999
PR,2016-09-22,21.7,29.8,24.52,83.0,100.0,96.29,0.185,21.37,12.701,6.09648
PR,2016-09-23,22.8,31.3,24.58,77.0,100.0,96.13,0.074,6.7,12.512,6.00576
PR,2016-09-24,22.5,28.1,24.47,91.0,100.0,97.46,0.13,5.6,8.576,4.11648
PR,2016-09-25,23.3,31.1,25.86,75.0,99.0,92.35,0.20691121139835403,3.43,13.761418392070484,6.605480828193832
PR,2016-09-26,22.8,29.6,24.04,82.0,100.0,95.89,0.20691121139835403,3.43,13.761418392070484,6.605480828193832
PR,2016-09-27,21.9,32.0,25.81,69.0,100.0,91.0,0.056,0.0,17.849,8.56752
PR,2016-09-28,23.2,33.2,26.98,70.0,100.0,89.67,0.074,3.09,14.557,6.98736
PR,2016-09-29,23.5,32.8,26.4,73.0,99.0,93.46,0.13,26.8,12.671,6.0820799999999995
PR,2016-09-30,22.4,30.3,25.09,78.0,100.0,94.54,0.037,35.47,14.24,6.8351999999999995
PR,2016-10-01,22.1,30.9,25.81,80.0,100.0,93.33,0.148,0.0,13.621,6.53808
PR,2016-10-02,23.9,30.3,26.17,80.0,100.0,93.29,0.352,0.0,12.689,6.09072
PR,2016-10-03,23.5,32.0,26.5,75.0,100.0,92.17,0.259,0.0,15.795,7.5816
PR,2016-10-04,22.8,32.8,25.23,75.0,99.0,94.14,0.093,1.17,11.265,5.4072000000000005
PR,2016-10-05,22.3,33.4,25.88,69.0,100.0,90.5,0.13,13.87,21.535,10.3368
PR,2016-10-06,21.7,33.3,26.69,66.0,100.0,89.54,0.0,0.0,20.369,9.77712
PR,2016-10-07,23.2,32.3,25.17,78.0,100.0,96.75,0.056,30.17,8.432,4.04736
PR,2016-10-08,24.1,29.8,26.42,85.0,99.0,94.39,0.20691121139835403,2.93,13.761418392070484,6.605480828193832
PR,2016-10-09,22.7,32.8,26.53,72.0,99.0,91.48,0.20691121139835403,0.43,13.761418392070484,6.605480828193832
PR,2016-10-10,22.6,28.3,24.6,89.0,99.0,96.08,0.167,18.4,9.23,4.4304
PR,2016-10-11,22.3,33.4,26.65,68.0,100.0,90.17,0.093,0.43,17.083,8.199839999999998
PR,2016-10-12,22.4,27.3,24.74,87.0,99.0,95.83,0.019,9.0,9.296,4.462079999999999
PR,2016-10-13,22.3,32.6,26.0,71.0,100.0,91.42,0.111,0.0,15.391,7.38768
PR,2016-10-14,22.2,30.0,25.64,78.0,100.0,91.88,0.019,0.0,11.987,5.75376
PR,2016-10-15,23.7,32.6,26.0,73.0,99.0,94.0,0.148,0.47,10.588,5.08224
PR,2016-10-16,22.3,30.7,25.67,81.0,99.0,92.96,0.037,10.9,13.153,6.31344
PR,2016-10-17,23.7,33.6,27.22,66.0,100.0,88.42,0.148,0.0,18.159,8.71632
PR,2016-10-18,22.1,32.1,25.34,73.0,99.0,93.88,0.13,14.0,11.238,5.39424
PR,2016-10-19,22.1,32.8,26.48,67.0,100.0,90.46,0.074,22.6,18.944,9.093119999999999
PR,2016-10-20,21.8,32.8,26.21,70.0,100.0,90.13,0.0,5.07,18.89,9.0672
PR,2016-10-21,23.5,30.7,26.08,85.0,99.0,95.19,0.20691121139835403,1.8,13.761418392070484,6.605480828193832
PR,2016-10-22,23.5,34.2,26.51,75.0,99.0,93.27,0.20691121139835403,0.0,13.761418392070484,6.605480828193832
PR,2016-10-23,23.3,33.2,27.01,70.0,100.0,89.13,0.037,0.0,19.009,9.124319999999999
PR,2016-10-24,23.3,34.6,26.64,62.0,99.0,90.71,0.019,1.76,16.785,8.056799999999999
PR,2016-10-25,23.3,33.7,26.7,73.0,100.0,91.75,0.037,2.1,14.326,6.87648
PR,2016-10-26,22.8,34.8,27.24,62.0,100.0,88.04,0.241,0.0,19.203,9.21744
PR,2016-10-27,21.8,35.3,27.53,56.0,99.0,86.04,0.037,0.0,20.646,9.91008
PR,2016-10-28,23.7,35.0,27.4,59.0,99.0,88.13,0.13,0.0,17.619,8.45712
PR,2016-10-29,22.4,33.8,25.58,67.0,99.0,91.79,0.13,0.0,16.205,7.778399999999999
PR,2016-10-30,21.8,33.8,25.68,67.0,100.0,90.63,1.099,35.87,13.952,6.69696
PR,2016-10-31,21.0,33.9,26.28,67.0,100.0,89.88,0.074,41.93,19.707,9.45936
PR,2016-11-01,21.6,31.7,25.8,68.0,100.0,91.0,0.0,5.5,16.1,7.728000000000001
PR,2016-11-02,23.5,33.3,27.3,70.0,99.0,89.6,0.1,1.0,16.1,7.728000000000001
PR,2016-11-03,22.2,34.6,25.9,68.0,100.0,92.3,0.0,0.43,13.3,6.384
PR,2016-11-04,21.0,33.8,26.7,65.0,100.0,89.2,0.20691121139835403,0.0,17.7,8.495999999999999
PR,2016-11-05,22.4,33.5,27.2,64.0,99.0,88.3,0.20691121139835403,0.0,18.1,8.688
PR,2016-11-06,23.6,33.8,27.5,62.0,100.0,89.1,0.20691121139835403,0.0,14.7,7.055999999999999
PR,2016-11-07,23.7,34.4,27.8,62.0,99.0,89.1,0.0,0.0,16.2,7.776
PR,2016-11-08,24.1,34.3,28.2,61.0,99.0,86.4,0.20691121139835403,0.0,19.4,9.312
PR,2016-11-09,23.0,34.9,28.1,61.0,99.0,86.8,0.20691121139835403,0.0,17.9,8.591999999999999
PR,2016-11-10,24.3,35.0,28.0,59.0,99.0,88.5,0.2,0.0,18.2,8.735999999999999
PR,2016-11-11,23.2,32.3,26.2,75.0,99.0,92.0,0.2,0.0,12.8,6.144
PR,2016-11-12,23.1,33.0,26.6,70.0,99.0,89.6,0.20691121139835403,0.0,14.0,6.72
PR,2016-11-13,22.4,34.9,27.6,59.0,99.0,85.8,0.20691121139835403,0.0,17.2,8.256
PR,2016-11-14,23.3,34.8,27.8,59.0,99.0,87.1,0.20691121139835403,0.0,16.7,8.016
PR,2016-11-15,23.0,34.6,27.9,60.0,99.0,86.7,0.1,0.0,17.2,8.256
PR,2016-11-16,23.9,35.1,28.1,59.0,99.0,87.5,0.1,0.0,16.7,8.016
PR,2016-11-17,23.0,33.2,26.0,75.0,99.0,93.2,0.1,0.0,11.1,5.327999999999999
PR,2016-11-18,22.6,33.3,27.1,70.0,100.0,90.2,0.0,7.93,15.5,7.4399999999999995
PR,2016-11-19,22.8,31.2,25.8,83.0,99.0,93.6,0.1,0.0,9.8,4.704
PR,2016-11-20,22.3,33.7,27.1,69.0,99.0,90.7,0.1,0.0,14.0,6.72
PR,2016-11-21,23.2,34.1,26.7,69.0,99.0,91.8,0.2,6.7,15.7,7.536
PR,2016-11-22,23.2,32.6,27.1,74.0,100.0,91.5,0.20691121139835403,9.4,13.8,6.624
PR,2016-11-23,22.6,34.4,27.9,65.0,99.0,87.8,0.20691121139835403,0.0,17.1,8.208
PR,2016-11-24,22.3,34.3,27.5,67.0,99.0,90.2,0.0,21.73,16.4,7.871999999999999
PR,2016-11-25,24.3,35.4,28.5,61.0,99.0,88.2,0.0,0.0,18.1,8.688
PR,2016-11-26,24.3,35.1,28.1,67.0,99.0,90.0,0.1,0.0,16.6,7.968
PR,2016-11-27,23.7,34.1,27.6,71.0,99.0,89.6,0.2,0.0,16.7,8.016
PR,2016-11-28,23.0,33.5,26.5,72.0,99.0,91.6,0.2,0.43,16.4,7.871999999999999
PR,2016-11-29,22.3,33.2,26.3,75.0,100.0,92.2,0.1,3.5,13.3,6.384
PR,2016-11-30,23.1,34.4,27.4,72.0,100.0,90.7,0.2,0.0,14.7,7.055999999999999
PR,2016-12-01,23.9,35.1,27.9,65.0,99.0,90.4,0.0,10.67,14.5,6.96
PR,2016-12-02,23.9,35.4,28.2,56.0,99.0,86.8,0.0,0.0,17.5,8.4
PR,2016-12-03,22.5,33.8,27.4,61.0,99.0,88.1,0.0,0.0,13.7,6.576
PR,2016-12-04,23.3,34.4,27.9,63.0,99.0,87.8,0.20691121139835403,0.0,13.3,6.384
PR,2016-12-05,23.7,34.5,28.1,59.0,99.0,87.0,0.0,0.0,14.6,7.008
PR,2016-12-06,23.1,34.6,27.6,55.0,99.0,87.3,0.0,0.0,15.8,7.584
PR,2016-12-07,22.9,34.1,27.4,60.0,99.0,87.5,0.1,0.0,15.4,7.3919999999999995
PR,2016-12-08,23.1,34.6,27.3,63.0,99.0,88.2,0.1,1.77,16.3,7.824
PR,2016-12-09,21.6,33.4,26.9,67.0,99.0,87.0,0.0,0.0,17.1,8.208
PR,2016-12-10,22.8,33.7,26.8,69.0,99.0,90.9,0.1,0.0,13.8,6.624
PR,2016-12-11,22.8,34.5,26.8,62.0,100.0,90.3,0.1,0.0,15.1,7.247999999999999
PR,2016-12-12,23.4,33.8,26.9,69.0,98.0,90.0,0.1,0.0,14.0,6.72
PR,2016-12-13,22.4,34.3,27.4,66.0,99.0,88.3,0.0,0.0,14.7,7.055999999999999
PR,2016-12-14,23.6,35.1,28.0,59.0,99.0,87.2,0.0,0.0,14.2,6.816
PR,2016-12-15,23.4,32.9,26.9,74.0,99.0,91.8,0.2,0.0,11.4,5.4719999999999995
PR,2016-12-16,22.8,32.8,27.1,72.0,99.0,90.1,0.0,0.0,11.9,5.712
PR,2016-12-17,22.7,34.6,27.4,60.0,99.0,87.6,0.0,0.0,14.5,6.96
PR,2016-12-18,23.3,34.2,27.2,56.0,99.0,88.9,0.1,0.0,13.0,6.24
PR,2016-12-19,22.6,34.6,27.4,61.0,99.0,87.6,0.1,0.0,15.2,7.295999999999999
PR,2016-12-20,23.1,35.3,28.0,60.0,99.0,86.4,0.1,0.0,15.8,7.584
PR,2016-12-21,23.3,35.2,27.6,47.0,99.0,85.5,0.1,0.0,14.8,7.104
PR,2016-12-22,23.2,33.8,27.2,62.0,99.0,89.0,0.2,0.0,13.1,6.287999999999999
PR,2016-12-23,21.4,34.8,27.0,60.0,99.0,88.0,0.1,0.0,13.5,6.4799999999999995
PR,2016-12-24,23.4,33.3,27.1,63.0,99.0,89.4,0.20691121139835403,0.0,10.3,4.944
PR,2016-12-25,23.2,34.7,27.3,54.0,99.0,86.3,0.20691121139835403,0.0,13.2,6.335999999999999
PR,2016-12-26,21.8,31.4,25.5,34.0,98.0,74.1,0.20691121139835403,0.0,12.0,5.76
PR,2016-12-27,19.0,32.9,24.8,31.0,95.0,70.9,0.4,0.0,13.1,6.287999999999999
PR,2016-12-28,18.8,33.7,24.8,27.0,98.0,71.4,0.2,0.0,14.2,6.816
PR,2016-12-29,17.7,33.4,24.3,26.0,97.0,71.9,0.3,0.0,14.0,6.72
PR,2016-12-30,18.1,34.8,24.7,27.0,97.0,74.0,0.0,0.0,13.6,6.528
PR,2016-12-31,17.9,34.9,24.6,33.0,98.0,78.3,0.0,0.0,13.1,6.287999999999999
PR,2017-01-01,17.6,34.9,24.6,28.0,100.0,77.6,0.1,0.0,14.4,6.912
PR,2017-01-02,16.8,35.2,24.3,25.0,98.0,73.1,0.20691121139835403,0.0,15.5,7.4399999999999995
PR,2017-01-03,16.5,35.7,24.6,25.0,97.0,71.4,0.3,0.0,15.7,7.536
PR,2017-01-04,16.1,36.0,24.4,24.0,97.0,70.5,0.1,0.0,15.4,7.3919999999999995
PR,2017-01-05,17.3,34.3,24.6,40.0,97.0,78.3,0.2,0.0,14.4,6.912
PR,2017-01-06,19.8,33.6,26.3,62.0,99.0,85.8,0.1,0.0,13.2,6.335999999999999
PR,2017-01-07,21.8,33.1,26.7,64.0,99.0,87.4,0.1,0.0,11.0,5.279999999999999
PR,2017-01-08,21.9,34.1,27.4,62.0,99.0,86.1,0.1,0.0,12.4,5.952
PR,2017-01-09,20.3,35.3,26.7,39.0,99.0,78.9,0.1,0.0,14.7,7.055999999999999
PR,2017-01-10,18.8,33.0,25.1,64.0,99.0,87.4,0.1,0.0,11.8,5.664
PR,2017-01-11,22.1,33.6,27.0,58.0,99.0,85.1,1.8,0.0,12.0,5.76
PR,2017-01-12,21.7,34.9,27.3,55.0,99.0,84.2,0.2,0.0,14.2,6.816
PR,2017-01-13,22.3,32.3,26.5,72.0,97.0,88.3,0.2,0.0,9.9,4.752
PR,2017-01-14,22.9,33.9,27.2,38.0,99.0,77.4,0.1,0.0,14.3,6.864
PR,2017-01-15,21.8,34.5,27.1,60.0,97.0,83.7,0.2,0.0,12.0,5.76
PR,2017-01-16,21.1,34.5,27.0,55.0,98.0,84.5,0.3,0.0,13.4,6.4319999999999995
PR,2017-01-17,22.4,33.8,27.1,66.0,99.0,87.8,0.4,0.0,12.5,6.0
PR,2017-01-18,22.9,33.7,27.5,69.0,99.0,88.9,0.2,0.0,11.0,5.279999999999999
PR,2017-01-19,23.2,35.2,27.3,59.0,99.0,87.3,0.3,0.0,13.8,6.624
PR,2017-01-20,22.1,35.3,27.5,62.0,98.0,87.1,0.3,0.0,13.9,6.672
PR,2017-01-21,23.1,36.1,28.0,57.0,99.0,86.3,0.3,0.0,14.5,6.96
PR,2017-01-22,23.6,35.1,27.8,65.0,99.0,87.4,0.3,0.0,13.2,6.335999999999999
PR,2017-01-23,23.4,33.8,26.9,68.0,99.0,89.4,0.2,0.0,11.5,5.52
PR,2017-01-24,23.0,33.7,27.2,66.0,98.0,85.9,0.2,0.0,15.3,7.344
PR,2017-01-25,21.3,35.1,27.4,51.0,99.0,82.4,0.3,0.0,19.0,9.12
PR,2017-01-26,22.9,34.1,27.4,60.0,98.0,84.8,0.2,0.0,15.3,7.344
PR,2017-01-27,22.3,35.7,27.9,60.0,99.0,84.6,0.3,0.0,16.0,7.68
PR,2017-01-28,23.3,35.5,28.1,61.0,99.0,86.5,0.4,0.0,16.6,7.968
PR,2017-01-29,23.2,35.8,27.9,58.0,99.0,86.0,0.3,0.0,13.5,6.4799999999999995
PR,2017-01-30,23.2,35.2,27.6,60.0,99.0,88.0,0.3,13.23,13.0,6.24
PR,2017-01-31,24.1,34.1,27.3,65.0,99.0,89.8,0.2,0.67,12.7,6.095999999999999
PR,2017-02-01,22.9,33.8,27.3,62.0,99.0,87.5,0.2,0.0,13.3,6.384
PR,2017-02-02,22.7,33.6,27.1,66.0,99.0,88.0,0.3,0.0,14.0,6.72
PR,2017-02-03,22.8,33.7,27.3,63.0,99.0,87.9,0.3,0.0,13.8,6.624
PR,2017-02-04,22.9,36.1,28.3,55.0,99.0,83.6,0.2,0.0,16.3,7.824
PR,2017-02-05,24.2,35.5,28.5,55.0,99.0,84.5,0.2,0.0,14.2,6.816
PR,2017-02-06,23.2,35.7,28.2,58.0,99.0,86.1,0.2,0.0,14.7,7.055999999999999
PR,2017-02-07,24.3,33.7,28.1,69.0,99.0,87.7,0.2,0.0,13.3,6.384
PR,2017-02-08,23.7,32.3,27.3,73.0,99.0,90.3,0.1,0.43,11.3,5.424
PR,2017-02-09,23.4,35.2,28.1,60.0,99.0,88.1,0.2,4.5,16.2,7.776
PR,2017-02-10,25.2,33.6,28.1,69.0,99.0,89.7,0.1,0.0,12.5,6.0
PR,2017-02-11,24.0,34.2,28.1,68.0,99.0,87.8,0.2,0.0,12.3,5.904
PR,2017-02-12,24.3,35.4,28.6,61.0,99.0,86.9,0.1,0.0,12.9,6.192
PR,2017-02-13,24.2,34.6,28.1,61.0,99.0,86.4,0.2,0.0,14.3,6.864
PR,2017-02-14,23.4,36.7,28.4,38.0,99.0,78.1,0.1,0.0,18.4,8.831999999999999
PR,2017-02-15,22.5,35.7,28.1,50.0,99.0,81.4,0.2,0.0,16.4,7.871999999999999
PR,2017-02-16,23.1,36.4,27.9,35.0,98.0,80.0,0.1,0.0,15.1,7.247999999999999
PR,2017-02-17,21.7,36.9,27.6,17.0,97.0,68.0,0.1,0.0,16.8,8.064
PR,2017-02-18,20.2,36.3,26.4,14.0,95.0,60.1,0.2,0.0,15.5,7.4399999999999995
PR,2017-02-19,18.2,36.7,26.2,16.0,94.0,59.5,0.1,0.0,16.4,7.871999999999999
PR,2017-02-20,20.4,35.8,27.3,39.0,92.0,70.7,0.2,0.0,14.7,7.055999999999999
PR,2017-02-21,21.8,37.2,28.3,37.0,98.0,77.1,0.1,0.0,17.1,8.208
PR,2017-02-22,22.6,36.6,28.6,47.0,98.0,80.7,0.3,0.0,16.7,8.016
PR,2017-02-23,22.9,36.9,28.6,46.0,99.0,81.3,0.3,0.0,15.4,7.3919999999999995
PR,2017-02-24,23.3,36.9,29.0,47.0,97.0,81.0,0.4,0.0,17.2,8.256
PR,2017-02-25,24.4,36.6,29.3,54.0,98.0,82.3,0.3,0.0,13.4,6.4319999999999995
PR,2017-02-26,24.7,35.5,28.1,62.0,98.0,85.7,0.2,0.0,14.2,6.816
PR,2017-02-27,23.2,35.3,27.2,64.0,99.0,90.5,0.2,4.47,12.5,6.0
PR,2017-02-28,22.1,36.0,27.0,60.0,99.0,88.3,0.5,15.13,15.9,7.632
PR,2017-03-01,21.9,34.9,27.2,66.0,99.0,88.4,0.2,0.0,16.6,7.968
PR,2017-03-02,24.8,36.2,28.9,57.0,99.0,85.8,0.3,0.0,16.1,7.728000000000001
PR,2017-03-03,23.3,36.1,27.0,59.0,99.0,89.9,0.2,7.63,14.8,7.104
PR,2017-03-04,22.7,35.1,27.8,64.0,99.0,86.4,0.2,1.67,18.9,9.072
PR,2017-03-05,23.7,35.9,29.0,63.0,99.0,84.9,0.4,0.0,21.8,10.464
PR,2017-03-06,22.1,35.6,27.0,61.0,99.0,88.0,0.5,36.4,18.0,8.64
PR,2017-03-07,23.2,35.3,28.1,59.0,99.0,85.8,0.1,6.0,20.1,9.648
PR,2017-03-08,24.3,35.4,28.6,62.0,97.0,84.2,0.2,0.0,18.6,8.928
PR,2017-03-09,22.9,33.4,26.5,70.0,99.0,90.6,0.2,4.13,14.8,7.104
PR,2017-03-10,23.0,34.1,27.2,65.0,99.0,89.2,0.0,0.0,16.3,7.824
PR,2017-03-11,23.2,33.1,25.7,72.0,99.0,93.3,0.2,0.0,11.9,5.712
PR,2017-03-12,23.3,33.1,27.3,70.0,99.0,88.4,0.1,0.0,15.4,7.3919999999999995
PR,2017-03-13,22.3,34.2,27.0,68.0,98.0,87.3,0.3,7.07,17.9,8.591999999999999
PR,2017-03-14,21.0,31.6,24.8,78.0,99.0,93.9,0.20691121139835403,8.0,10.0,4.8
PR,2017-03-15,23.1,34.8,27.9,65.0,99.0,87.7,0.1,0.0,18.6,8.928
PR,2017-03-16,23.0,36.2,28.4,55.0,99.0,84.7,0.2,0.0,20.9,10.031999999999998
PR,2017-03-17,23.8,35.9,28.2,57.0,99.0,86.4,0.3,0.0,20.2,9.696
PR,2017-03-18,23.3,35.1,28.4,65.0,99.0,86.8,0.3,0.0,18.8,9.024
PR,2017-03-19,23.9,34.7,27.9,68.0,99.0,87.5,0.3,0.0,17.4,8.351999999999999
PR,2017-03-20,23.4,34.7,27.7,66.0,98.0,85.5,0.3,0.0,18.5,8.879999999999999
PR,2017-03-21,23.1,33.4,27.9,73.0,98.0,88.0,0.3,0.0,15.0,7.199999999999999
PR,2017-03-22,24.2,29.4,26.3,86.0,98.0,94.7,0.8,0.0,4.2,2.016
PR,2017-03-23,22.3,33.9,27.2,63.0,99.0,86.6,0.20691121139835403,0.0,16.1,7.728000000000001
PR,2017-03-24,23.8,33.8,27.7,66.0,99.0,87.6,0.1,0.0,16.7,8.016
PR,2017-03-25,23.2,36.0,28.9,60.0,99.0,84.4,0.2,0.0,19.1,9.168000000000001
PR,2017-03-26,23.3,35.4,28.6,61.0,99.0,85.3,0.3,0.0,18.2,8.735999999999999
PR,2017-03-27,24.5,34.2,28.3,70.0,98.0,88.3,0.2,0.0,14.3,6.864
PR,2017-03-28,24.8,34.9,28.9,66.0,98.0,85.6,0.1,0.0,15.8,7.584
PR,2017-03-29,23.7,36.6,29.4,61.0,98.0,83.3,0.2,0.0,20.4,9.792
PR,2017-03-30,22.1,33.8,26.9,70.0,99.0,91.2,0.2,7.27,10.1,4.848
PR,2017-03-31,22.3,34.0,27.3,67.0,99.0,89.0,0.1,0.0,17.0,8.16
PR,2017-04-01,24.4,35.1,28.4,65.0,98.0,85.4,0.2,0.0,18.6,8.928
PR,2017-04-02,22.9,34.9,27.6,61.0,98.0,86.3,0.1,0.0,18.0,8.64
PR,2017-04-03,24.3,35.1,27.8,66.0,99.0,86.6,0.1,7.97,15.1,7.247999999999999
PR,2017-04-04,23.7,34.4,28.2,70.0,99.0,87.8,0.2,0.0,16.5,7.92
PR,2017-04-05,24.3,34.3,28.5,71.0,99.0,87.1,0.3,0.0,16.9,8.111999999999998
PR,2017-04-06,24.2,34.3,28.1,64.0,98.0,85.6,0.1,0.0,16.3,7.824
PR,2017-04-07,22.6,35.1,27.7,65.0,97.0,84.4,0.3,0.0,18.4,8.831999999999999
PR,2017-04-08,24.1,36.1,28.2,61.0,98.0,87.4,0.2,0.0,16.2,7.776
PR,2017-04-09,21.6,25.7,23.7,92.0,99.0,97.2,0.0,33.5,5.0,2.4
PR,2017-04-10,20.9,34.6,26.9,68.0,100.0,90.0,0.0,8.37,19.7,9.456
PR,2017-04-11,23.6,33.3,27.7,67.0,98.0,86.1,0.20691121139835403,0.0,15.3,7.344
PR,2017-04-12,22.9,34.7,27.5,69.0,99.0,87.9,0.3,37.5,22.1,10.608
PR,2017-04-13,22.2,31.9,25.6,77.0,99.0,94.8,0.2,24.13,10.2,4.896
PR,2017-04-14,21.7,34.9,27.2,56.0,99.0,85.0,0.1,15.0,22.3,10.704
PR,2017-04-15,22.9,35.7,26.8,60.0,99.0,89.8,0.2,0.0,16.4,7.871999999999999
PR,2017-04-16,22.2,32.1,26.2,75.0,99.0,91.0,0.20691121139835403,30.07,13.1,6.287999999999999
PR,2017-04-17,23.9,34.2,28.3,71.0,99.0,88.0,0.1,0.0,18.9,9.072
PR,2017-04-18,25.2,34.7,28.7,70.0,99.0,88.7,0.1,0.0,17.7,8.495999999999999
PR,2017-04-19,24.1,34.6,27.9,73.0,99.0,91.2,0.1,12.33,13.6,6.528
PR,2017-04-20,22.4,27.9,25.0,87.0,99.0,95.8,0.0,11.8,8.0,3.84
PR,2017-04-21,22.6,33.9,26.7,72.0,99.0,92.0,0.2,0.0,17.7,8.495999999999999
PR,2017-04-22,23.4,33.2,27.5,77.0,99.0,91.6,0.1,0.0,17.8,8.544
PR,2017-04-23,24.4,34.4,28.4,69.0,99.0,88.0,0.1,0.0,20.0,9.6
PR,2017-04-24,24.4,34.2,27.2,71.0,99.0,92.5,0.1,6.03,14.7,7.055999999999999
PR,2017-04-25,24.3,33.1,27.6,70.0,99.0,89.4,0.0,0.0,14.4,6.912
PR,2017-04-26,22.8,34.3,27.6,65.0,99.0,87.1,0.0,0.47,17.7,8.495999999999999
PR,2017-04-27,23.3,34.6,28.0,66.0,99.0,86.5,0.1,0.67,21.7,10.415999999999999
PR,2017-04-28,23.6,32.3,26.7,71.0,98.0,90.0,0.1,0.67,13.1,6.287999999999999
PR,2017-04-29,21.8,35.0,27.7,63.0,99.0,85.0,0.20691121139835403,0.0,19.8,9.504
PR,2017-04-30,23.8,33.1,26.8,75.0,99.0,92.7,0.1,1.77,11.7,5.616
PR,2017-05-01,22.0,32.3,25.3,81.0,99.0,94.9,0.1,28.02,8.9,4.272
PR,2017-05-02,21.8,33.7,26.0,71.0,100.0,92.0,0.0,31.47,17.4,8.351999999999999
PR,2017-05-03,22.7,31.7,26.7,73.0,99.0,88.9,0.0,0.0,17.1,8.208
PR,2017-05-04,23.1,33.6,27.4,69.0,99.0,87.0,0.3,0.0,20.1,9.648
PR,2017-05-05,22.7,33.6,27.8,68.0,97.0,86.3,0.0,0.0,18.2,8.735999999999999
PR,2017-05-06,24.6,35.6,28.5,62.0,99.0,86.9,0.2,0.0,20.0,9.6
PR,2017-05-07,24.2,31.7,27.4,79.0,99.0,90.3,0.1,0.0,14.0,6.72
PR,2017-05-08,22.6,34.5,28.0,68.0,99.0,87.5,0.2,0.0,15.9,7.632
PR,2017-05-09,21.5,32.3,26.0,69.0,99.0,88.8,0.20691121139835403,0.43,17.6,8.448
PR,2017-05-10,22.1,35.1,27.5,61.0,99.0,85.0,0.0,0.0,20.1,9.648
PR,2017-05-11,22.3,32.6,26.3,74.0,99.0,92.3,0.2,3.47,11.5,5.52
PR,2017-05-12,23.3,35.3,27.4,65.0,99.0,89.4,0.1,2.0,20.3,9.744
PR,2017-05-13,24.3,33.8,27.5,71.0,99.0,91.0,0.2,0.0,16.7,8.016
PR,2017-05-14,23.1,33.7,27.5,72.0,99.0,90.4,0.1,1.07,16.7,8.016
PR,2017-05-15,23.4,31.7,26.8,80.0,99.0,91.8,0.1,0.47,12.1,5.808
PR,2017-05-16,22.3,26.1,24.4,96.0,99.0,97.6,0.20691121139835403,3.78,3.1,1.488
PR,2017-05-17,21.7,33.2,26.4,61.0,100.0,87.8,0.20691121139835403,4.73,18.4,8.831999999999999
PR,2017-05-18,21.7,34.7,27.5,62.0,99.0,85.8,0.1,0.0,20.0,9.6
PR,2017-05-19,23.0,33.7,27.7,71.0,99.0,88.5,0.1,0.0,17.3,8.304
PR,2017-05-20,22.6,28.9,25.1,84.0,99.0,95.2,0.2,16.67,7.2,3.456
PR,2017-05-21,21.0,34.6,27.4,68.0,99.0,87.5,0.0,0.0,20.6,9.888
PR,2017-05-22,24.9,33.9,27.9,70.0,98.0,89.5,0.1,1.93,18.1,8.688
PR,2017-05-23,24.2,35.1,28.4,66.0,99.0,88.2,0.1,0.0,20.7,9.936
PR,2017-05-24,24.4,33.2,26.6,76.0,99.0,93.4,0.1,33.77,11.4,5.4719999999999995
PR,2017-05-25,22.9,27.3,24.9,92.0,99.0,97.0,0.2,30.03,6.0,2.88
PR,2017-05-26,23.1,34.7,27.2,63.0,99.0,88.2,0.1,3.37,19.7,9.456
PR,2017-05-27,22.9,33.2,27.2,70.0,99.0,89.4,0.20691121139835403,4.67,15.6,7.4879999999999995
PR,2017-05-28,23.6,34.3,27.8,69.0,99.0,89.0,0.1,0.0,18.2,8.735999999999999
PR,2017-05-29,23.9,33.0,27.7,78.0,99.0,89.8,0.2,0.0,15.5,7.4399999999999995
PR,2017-05-30,22.5,33.4,27.3,72.0,98.0,89.2,0.2,4.37,21.1,10.128
PR,2017-05-31,23.3,33.6,26.7,70.0,99.0,91.8,0.2,25.83,18.8,9.024
PR,2017-06-01,22.7,32.7,26.7,71.0,99.0,88.8,0.1,8.33,19.1,9.168000000000001
PR,2017-06-02,23.8,32.4,26.0,77.0,99.0,94.3,0.0,14.4,9.1,4.367999999999999
PR,2017-06-03,23.7,33.3,26.7,70.0,99.0,91.7,0.1,2.0,15.3,7.344
PR,2017-06-04,22.4,31.0,26.0,74.0,99.0,91.2,0.1,5.03,16.9,8.111999999999998
PR,2017-06-05,23.6,33.8,27.2,65.0,99.0,88.8,0.1,0.0,18.7,8.975999999999999
PR,2017-06-06,23.8,30.3,26.2,83.0,99.0,93.1,0.2,0.67,15.7,7.536
PR,2017-06-07,23.1,34.2,27.3,66.0,99.0,88.7,0.20691121139835403,0.0,19.3,9.264
PR,2017-06-08,23.9,34.2,27.9,65.0,99.0,88.9,0.1,1.47,17.5,8.4
PR,2017-06-09,24.7,35.4,28.0,64.0,99.0,89.6,0.1,1.4,18.1,8.688
PR,2017-06-10,23.5,30.4,26.3,86.0,99.0,93.8,0.1,8.67,10.2,4.896
PR,2017-06-11,22.9,32.2,27.0,74.0,99.0,91.1,0.3,3.17,19.1,9.168000000000001
PR,2017-06-12,22.7,31.8,25.7,78.0,100.0,94.9,0.2,49.27,12.4,5.952
PR,2017-06-13,21.6,29.4,24.0,96.0,100.0,99.2,0.1,16.83,8.9,4.272
PR,2017-06-14,23.7,32.7,27.7,74.0,100.0,89.6,0.20691121139835403,5.9,15.3,7.344
PR,2017-06-15,23.8,33.1,26.6,73.0,99.0,92.0,0.1,23.33,14.6,7.008
PR,2017-06-16,21.4,31.4,25.5,81.0,99.0,94.0,0.5,31.89,15.0,7.199999999999999
PR,2017-06-17,22.1,26.6,24.5,90.0,100.0,97.0,0.1,0.47,8.3,3.984
PR,2017-06-18,21.7,30.6,25.4,77.0,100.0,92.6,0.20691121139835403,0.0,12.4,5.952
PR,2017-06-19,22.7,32.2,25.8,75.0,100.0,93.8,0.1,13.6,14.8,7.104
PR,2017-06-20,22.1,29.8,24.3,82.0,99.0,96.3,0.1,21.73,9.1,4.367999999999999
PR,2017-06-21,21.5,32.9,26.8,68.0,100.0,87.8,0.1,12.13,22.3,10.704
PR,2017-06-22,22.6,31.1,26.4,81.0,99.0,92.5,0.1,4.93,15.4,7.3919999999999995
PR,2017-06-23,23.8,28.9,25.1,90.0,100.0,97.6,0.1,1.33,6.5,3.12
PR,2017-06-24,22.2,30.8,25.2,83.0,100.0,96.0,0.1,29.9,14.3,6.864
PR,2017-06-25,22.3,31.7,25.1,76.0,100.0,96.0,0.1,20.8,12.5,6.0
PR,2017-06-26,22.1,31.2,25.8,77.0,100.0,93.2,0.0,8.63,16.3,7.824
PR,2017-06-27,22.7,30.4,24.7,82.0,100.0,98.0,0.0,9.5,8.8,4.224
PR,2017-06-28,22.9,30.0,25.5,87.0,100.0,97.1,0.0,0.0,12.8,6.144
PR,2017-06-29,23.4,30.5,25.3,81.0,100.0,95.7,0.0,20.07,10.9,5.232
PR,2017-06-30,23.2,29.5,25.4,84.0,100.0,94.0,0.3,2.6,11.2,5.3759999999999994
PR,2017-07-01,22.2,25.8,23.9,96.0,100.0,99.6,0.1,66.93,5.8,2.784
PR,2017-07-02,21.8,30.7,25.3,82.0,100.0,96.6,0.1,4.6,13.5,6.4799999999999995
PR,2017-07-03,22.8,28.3,24.9,91.0,100.0,98.0,0.1,0.0,9.0,4.32
PR,2017-07-04,23.8,29.4,25.2,89.0,100.0,97.4,0.2,1.7,14.0,6.72
PR,2017-07-05,23.3,26.9,24.3,93.0,100.0,99.0,0.1,8.77,9.5,4.56
PR,2017-07-06,21.7,26.8,23.3,94.0,100.0,99.4,0.1,18.83,9.0,4.32
PR,2017-07-07,21.8,28.0,24.1,94.0,100.0,99.2,0.20691121139835403,17.3,8.7,4.175999999999999
PR,2017-07-08,22.4,29.1,24.6,94.0,100.0,98.6,0.2,0.0,10.6,5.088
PR,2017-07-09,22.1,28.6,25.0,86.0,100.0,95.8,0.2,2.17,16.7,8.016
PR,2017-07-10,20.6,29.1,24.2,81.0,100.0,94.1,0.3,0.0,20.2,9.696
PR,2017-07-11,19.1,28.9,23.5,78.0,100.0,93.3,0.2,0.0,21.0,10.08
PR,2017-07-12,19.4,27.9,23.7,88.0,100.0,95.3,0.1,0.43,14.7,7.055999999999999
PR,2017-07-13,21.2,28.5,24.3,90.0,100.0,97.8,0.2,0.0,12.0,5.76
PR,2017-07-14,23.2,28.4,24.9,89.0,100.0,97.5,0.2,0.0,11.9,5.712
PR,2017-07-15,22.9,28.1,24.3,93.0,100.0,99.1,0.2,0.43,9.2,4.4159999999999995
PR,2017-07-16,23.1,26.2,24.4,97.0,100.0,99.3,0.2,5.8,8.8,4.224
PR,2017-07-17,23.1,27.1,24.3,94.0,100.0,98.7,0.1,26.73,8.4,4.032
PR,2017-07-18,22.3,28.1,24.8,93.0,100.0,98.2,0.1,4.0,9.6,4.608
PR,2017-07-19,23.4,28.8,25.5,91.0,100.0,97.6,0.1,1.3,12.3,5.904
PR,2017-07-20,23.2,29.1,25.7,89.0,99.0,95.8,0.1,9.73,12.0,5.76
PR,2017-07-21,23.7,28.3,25.1,93.0,100.0,96.6,0.2,0.43,10.3,4.944
PR,2017-07-22,22.8,25.8,24.2,99.0,99.0,99.0,0.1,28.43,5.8,2.784
PR,2017-07-23,22.8,25.6,23.9,97.0,99.0,98.1,0.20691121139835403,51.9,5.6,2.6879999999999997
PR,2017-07-24,23.0,26.4,24.2,94.0,99.0,97.3,0.1,49.0,8.5,4.08
PR,2017-07-25,23.2,27.5,24.8,91.0,99.0,96.9,0.2,10.13,10.2,4.896
PR,2017-07-26,23.3,25.7,23.9,96.0,99.0,98.5,0.20691121139835403,44.93,4.2,2.016
PR,2017-07-27,23.4,28.8,25.0,89.0,98.0,96.0,0.1,0.0,12.3,5.904
PR,2017-07-28,23.3,29.4,25.0,90.0,98.0,96.8,0.2,8.13,10.0,4.8
PR,2017-07-29,23.4,28.4,24.9,92.0,98.0,97.0,0.2,16.97,11.1,5.327999999999999
PR,2017-07-30,23.4,26.6,24.3,95.0,98.0,97.6,0.1,21.6,6.4,3.072
PR,2017-07-31,23.3,28.3,24.9,90.0,98.0,96.2,0.4,16.73,11.1,5.327999999999999
PR,2017-08-01,23.5,26.2,24.2,95.0,98.0,97.3,0.1,32.67,5.8,2.784
PR,2017-08-02,23.4,28.6,25.2,89.0,97.0,95.1,0.4,20.17,15.7,7.536
PR,2017-08-03,23.5,27.6,24.5,92.0,98.0,96.4,0.1,36.63,7.9,3.792
PR,2017-08-04,23.2,26.2,23.9,93.0,98.0,96.8,0.1,32.63,4.0,1.92
PR,2017-08-05,23.1,27.7,24.6,92.0,97.0,96.0,0.2,6.53,7.8,3.7439999999999998
PR,2017-08-06,23.6,28.6,25.1,88.0,97.0,94.8,0.3,0.47,11.6,5.568
PR,2017-08-07,23.0,28.1,24.5,88.0,97.0,95.0,0.2,8.47,8.6,4.128
PR,2017-08-08,22.9,28.6,25.0,84.0,97.0,92.9,0.2,0.0,12.3,5.904
PR,2017-08-09,22.5,26.2,24.3,94.0,97.0,95.7,0.0,15.03,5.9,2.832
PR,2017-08-10,22.6,29.1,25.1,87.0,97.0,94.0,0.1,5.87,10.2,4.896
PR,2017-08-11,23.4,30.4,25.3,86.0,96.0,94.3,0.2,15.14,10.8,5.184
PR,2017-08-12,23.9,28.3,25.3,90.0,96.0,94.2,0.2,0.0,10.1,4.848
PR,2017-08-13,23.8,28.9,25.5,87.0,96.0,93.4,0.2,2.13,10.1,4.848
PR,2017-08-14,23.9,28.8,25.8,85.0,96.0,92.8,0.5,0.0,13.6,6.528
PR,2017-08-15,23.9,29.5,25.6,84.0,96.0,92.5,0.3,0.67,10.4,4.992
PR,2017-08-16,22.3,27.8,25.0,88.0,96.0,93.9,0.1,37.8,8.0,3.84
PR,2017-08-17,22.1,27.2,24.3,87.0,96.0,93.8,0.2,1.0,8.3,3.984
PR,2017-08-18,21.8,30.4,25.4,75.0,96.0,90.0,0.2,0.0,15.5,7.4399999999999995
PR,2017-08-19,20.8,32.3,25.4,67.0,97.0,87.6,0.1,0.0,22.0,10.559999999999999
PR,2017-08-20,22.4,29.2,24.9,80.0,96.0,91.7,0.2,0.0,11.8,5.664
PR,2017-08-21,22.8,27.3,24.5,89.0,96.0,93.5,0.2,0.47,7.8,3.7439999999999998
PR,2017-08-22,22.3,25.2,23.7,94.0,96.0,95.4,0.1,8.9,5.1,2.448
PR,2017-08-23,22.9,29.6,24.8,82.0,96.0,93.6,0.0,44.43,10.0,4.8
PR,2017-08-24,21.2,29.7,24.8,86.0,96.0,92.6,0.2,8.8,14.1,6.768
PR,2017-08-25,21.3,25.9,23.5,90.0,96.0,94.5,0.20691121139835403,19.43,6.2,2.976
PR,2017-08-26,22.5,28.1,24.4,86.0,96.0,93.5,0.20691121139835403,10.33,9.3,4.464
PR,2017-08-27,23.6,27.6,24.2,93.0,95.0,94.7,0.2,32.33,6.9,3.312
PR,2017-08-28,23.2,30.0,25.8,79.0,95.0,90.5,0.1,0.0,19.1,9.168000000000001
PR,2017-08-29,22.3,30.4,25.2,76.0,95.0,90.5,0.3,1.7,13.0,6.24
PR,2017-08-30,23.7,28.1,24.6,88.0,95.0,93.6,0.4,2.47,8.8,4.224
PR,2017-08-31,22.9,30.0,25.9,80.0,95.0,90.2,0.4,0.43,17.0,8.16
PR,2017-09-01,22.9,28.5,24.9,86.0,95.0,92.8,0.1,12.7,9.5,4.56
PR,2017-09-02,21.4,28.6,24.9,83.0,95.0,91.7,0.3,6.6,13.0,6.24
PR,2017-09-03,21.4,29.4,24.3,77.0,95.0,91.8,0.2,2.77,12.6,6.048
PR,2017-09-04,22.9,28.1,25.1,89.0,95.0,92.6,0.1,0.0,10.5,5.04
PR,2017-09-05,22.4,30.3,25.6,79.0,95.0,89.5,0.2,0.0,14.7,7.055999999999999
PR,2017-09-06,21.3,29.4,25.1,84.0,95.0,91.5,0.1,3.43,12.1,5.808
PR,2017-09-07,23.0,26.3,24.1,92.0,94.0,93.8,0.1,29.07,4.8,2.304
PR,2017-09-08,22.8,27.8,24.5,86.0,94.0,91.6,0.20691121139835403,1.0,10.1,4.848
PR,2017-09-09,22.4,31.6,25.7,75.0,95.0,89.5,0.1,0.0,17.4,8.351999999999999
PR,2017-09-10,22.8,30.3,25.7,83.0,94.0,91.3,0.4,5.67,15.8,7.584
PR,2017-09-11,22.0,27.9,24.6,85.0,94.0,92.3,0.1,0.63,11.7,5.616
PR,2017-09-12,23.3,30.2,25.6,79.0,94.0,90.2,0.3,0.0,16.8,8.064
PR,2017-09-13,21.0,27.6,24.2,86.0,94.0,92.1,0.2,0.0,10.8,5.184
PR,2017-09-14,20.8,30.8,25.0,77.0,94.0,89.7,0.2,0.0,18.2,8.735999999999999
PR,2017-09-15,21.6,30.2,25.4,80.0,94.0,89.3,0.4,3.37,16.2,7.776
PR,2017-09-16,22.9,29.6,25.3,82.0,93.0,90.5,0.3,0.43,12.5,6.0
PR,2017-09-17,22.3,30.3,25.6,80.0,94.0,89.3,0.20691121139835403,0.0,13.7,6.576
PR,2017-09-18,21.6,30.9,25.4,79.0,94.0,90.1,0.1,0.37,13.2,6.335999999999999
PR,2017-09-19,23.6,30.3,26.1,84.0,93.0,90.1,0.2,0.0,13.2,6.335999999999999
PR,2017-09-20,23.1,28.9,25.6,87.0,93.0,91.8,0.1,0.47,11.6,5.568
PR,2017-09-21,23.1,28.7,25.3,88.0,93.0,91.8,0.3,4.07,11.6,5.568
PR,2017-09-22,23.4,28.7,25.5,84.0,93.0,90.9,0.3,2.47,11.7,5.616
PR,2017-09-23,23.1,30.6,25.9,80.0,93.0,89.0,0.1,0.0,16.9,8.111999999999998
PR,2017-09-24,23.8,30.7,26.4,77.0,95.0,88.5,0.20691121139835403,0.0,15.6,7.4879999999999995
PR,2017-09-25,23.6,32.8,26.5,72.0,95.0,88.5,0.1,2.13,14.4,6.912
PR,2017-09-26,22.7,28.3,24.7,88.0,93.0,91.9,0.1,5.03,8.4,4.032
PR,2017-09-27,21.9,31.9,25.7,76.0,93.0,88.8,0.1,11.02,16.5,7.92
PR,2017-09-28,21.6,29.3,25.0,80.0,93.0,89.8,0.1,6.77,16.2,7.776
PR,2017-09-29,22.4,29.8,25.7,82.0,93.0,89.5,0.1,28.57,10.8,5.184
PR,2017-09-30,21.8,31.0,25.4,76.0,93.0,88.6,0.0,0.37,15.4,7.3919999999999995
PR,2017-10-01,22.1,33.3,26.2,71.0,93.0,88.04,0.17,0.0,17.202,8.256960000000001
PR,2017-10-02,21.7,30.0,24.32,80.0,93.0,90.25,0.06,11.33,11.473,5.50704
PR,2017-10-03,21.3,31.9,25.94,75.0,93.0,88.38,0.17,38.13,15.622,7.4985599999999994
PR,2017-10-04,21.8,29.9,24.88,83.0,93.0,90.79,0.2,9.07,13.729,6.589919999999999
PR,2017-10-05,22.6,28.8,25.18,86.0,93.0,90.88,0.07,6.77,11.423,5.48304
PR,2017-10-06,21.7,32.6,26.17,76.0,93.0,88.29,0.17,19.73,19.883,9.54384
PR,2017-10-07,21.9,26.3,23.78,89.0,93.0,91.71,0.20691121139835403,23.43,7.075,3.396
PR,2017-10-08,21.7,32.3,26.08,73.0,93.0,86.96,0.02,0.0,16.835,8.0808
PR,2017-10-09,23.4,32.6,28.35,75.0,92.0,84.93,0.06,0.0,15.046,7.222079999999999
PR,2017-10-10,22.1,31.4,24.82,79.0,92.0,90.38,0.20691121139835403,10.53,10.069,4.83312
PR,2017-10-11,21.1,31.9,24.99,73.0,93.0,89.58,0.20691121139835403,0.0,12.311,5.90928
PR,2017-10-12,21.5,27.8,24.31,83.0,92.0,90.33,0.09,20.33,9.288,4.45824
PR,2017-10-13,22.2,33.1,25.69,69.0,92.0,86.83,0.02,5.13,18.123,8.69904
PR,2017-10-14,23.0,33.2,27.09,67.0,92.0,85.04,0.20691121139835403,0.0,18.868,9.05664
PR,2017-10-15,22.9,34.6,27.25,65.0,92.0,84.96,0.06,0.0,20.203,9.697439999999999
PR,2017-10-16,22.5,31.6,25.82,71.0,92.0,87.29,0.20691121139835403,0.0,14.157,6.79536
PR,2017-10-17,23.3,33.6,26.81,67.0,92.0,85.29,0.07,13.5,20.768,9.96864
PR,2017-10-18,21.4,29.8,24.95,79.0,93.0,89.5,0.06,5.17,12.807,6.14736
PR,2017-10-19,22.2,33.4,25.62,69.0,92.0,87.5,0.06,41.03,16.762,8.04576
PR,2017-10-20,22.3,33.7,26.78,65.0,92.0,85.58,0.04,0.0,16.053,7.70544
PR,2017-10-21,24.3,32.3,27.23,75.0,91.0,87.79,0.04,0.0,14.082,6.75936
PR,2017-10-22,23.3,32.5,26.28,77.0,91.0,88.58,0.07,1.23,12.693,6.092639999999999
PR,2017-10-23,22.4,32.9,26.29,74.0,92.0,87.17,0.06,0.0,16.15,7.751999999999999
PR,2017-10-24,23.2,34.8,26.6,66.0,91.0,86.08,0.20691121139835403,0.0,19.642,9.42816
PR,2017-10-25,22.4,34.9,27.38,60.0,91.0,83.92,0.04,0.0,19.455,9.338399999999998
PR,2017-10-26,24.6,32.5,27.41,76.0,91.0,87.42,0.20691121139835403,0.0,12.117,5.81616
PR,2017-10-27,24.1,32.8,27.1,75.0,91.0,87.71,0.06,0.0,13.829,6.63792
PR,2017-10-28,23.6,32.8,26.57,72.0,91.0,87.63,0.02,0.0,11.372,5.458559999999999
PR,2017-10-29,22.6,32.1,26.51,74.0,91.0,87.21,0.20691121139835403,0.0,15.636,7.505279999999999
PR,2017-10-30,23.1,34.7,27.63,63.0,91.0,84.13,0.06,0.0,17.277,8.29296
PR,2017-10-31,24.3,34.4,27.59,66.0,90.0,85.08,0.02,0.0,16.716,8.02368
PR,2017-11-01,24.2,30.4,26.4,78.0,91.0,87.72,0.006,0.0,10.839,5.20272
PR,2017-11-02,24.0,32.7,27.34,72.0,90.0,85.38,0.02,0.0,15.586,7.48128
PR,2017-11-03,22.6,33.2,26.19,69.0,91.0,86.29,0.014,0.0,14.826,7.11648
PR,2017-11-04,22.4,31.9,25.85,78.0,90.0,87.05,0.06,0.0,14.306,6.866879999999999
PR,2017-11-05,23.2,33.3,25.97,68.0,90.0,85.46,0.009,21.3,18.037,8.65776
PR,2017-11-06,22.8,32.4,26.34,74.0,90.0,86.63,0.005,1.67,16.439,7.89072
PR,2017-11-07,22.8,34.2,27.15,63.0,91.0,83.75,0.0,0.0,16.478,7.90944
PR,2017-11-08,22.6,35.3,27.78,56.0,91.0,81.42,0.005,0.0,18.782,9.01536
PR,2017-11-09,23.7,34.1,27.53,64.0,90.0,83.71,0.005,0.0,16.321,7.83408
PR,2017-11-10,23.1,33.3,27.35,66.0,90.0,84.63,0.014,0.0,18.123,8.69904
PR,2017-11-11,23.0,33.6,26.6,66.0,91.0,85.71,0.015,0.0,14.592,7.00416
PR,2017-11-12,22.3,33.6,26.5,67.0,91.0,85.75,0.02,0.0,17.281,8.29488
PR,2017-11-13,22.3,35.3,27.67,60.0,90.0,82.63,0.005,0.0,17.094,8.20512
PR,2017-11-14,23.6,33.8,27.16,72.0,90.0,85.71,0.009,1.0,12.973,6.227040000000001
PR,2017-11-15,22.7,32.4,26.25,78.0,91.0,87.46,0.014,1.83,15.59,7.4832
PR,2017-11-16,22.9,32.5,27.01,76.0,90.0,86.0,1.04,0.67,16.018,7.68864
PR,2017-11-17,23.8,33.6,27.65,71.0,90.0,85.0,0.034,0.0,15.82,7.5935999999999995
PR,2017-11-18,22.3,33.0,25.72,73.0,90.0,87.13,0.036,0.0,13.308,6.38784
PR,2017-11-19,21.6,28.6,24.62,85.0,91.0,88.08,0.0,13.73,8.011,3.8452799999999994
PR,2017-11-20,21.6,32.2,26.01,71.0,90.0,85.25,0.005,0.0,17.44,8.3712
PR,2017-11-21,22.6,33.4,26.84,71.0,90.0,85.75,0.009,0.0,12.962,6.22176
PR,2017-11-22,22.6,34.1,26.73,65.0,90.0,84.54,0.029,23.9,15.752,7.56096
PR,2017-11-23,22.3,33.0,26.43,70.0,89.0,86.08,0.02,0.0,13.253,6.36144
PR,2017-11-24,23.4,34.5,27.22,63.0,90.0,83.46,0.005,0.0,16.324,7.835520000000001
PR,2017-11-25,22.6,34.6,27.14,62.0,90.0,82.54,0.005,0.0,17.047,8.18256
PR,2017-11-26,21.4,35.1,26.57,53.0,90.0,80.83,0.005,0.0,18.703,8.97744
PR,2017-11-27,20.6,34.4,26.11,52.0,91.0,81.38,0.0,0.0,18.472,8.86656
PR,2017-11-28,20.5,34.1,26.46,57.0,90.0,82.33,0.045,0.0,18.415,8.8392
PR,2017-11-29,21.7,34.5,27.19,57.0,90.0,81.42,0.0,0.0,17.735,8.512799999999999
PR,2017-11-30,22.4,35.3,27.39,55.0,90.0,81.08,0.0,0.0,17.23,8.2704
PR,2017-12-01,22.6,34.4,27.27,60.0,90.0,82.17,0.019,0.0,16.501,7.92048
PR,2017-12-02,22.2,32.9,25.99,70.0,90.0,85.92,0.056,0.0,12.128,5.82144
PR,2017-12-03,22.1,33.4,26.65,63.0,90.0,83.21,0.037,0.0,17.285,8.2968
PR,2017-12-04,21.6,35.4,27.5,58.0,90.0,81.58,0.093,0.0,17.497,8.39856
PR,2017-12-05,22.7,35.3,27.72,57.0,90.0,81.25,0.093,0.0,16.698,8.015039999999999
PR,2017-12-06,22.3,35.2,27.63,59.0,90.0,81.75,0.241,0.0,16.715,8.0232
PR,2017-12-07,22.9,35.2,26.71,58.0,90.0,83.46,0.148,0.0,13.575,6.515999999999999
PR,2017-12-08,20.8,34.3,27.0,60.0,90.0,82.96,0.093,0.0,13.408,6.43584
PR,2017-12-09,24.1,27.9,25.53,87.0,89.0,88.25,0.0,0.0,3.26,1.5647999999999997
PR,2017-12-10,23.3,32.8,27.13,53.0,89.0,81.13,0.037,0.0,12.739,6.11472
PR,2017-12-11,22.8,33.4,27.61,61.0,89.0,81.33,0.037,0.0,13.664,6.558719999999999
PR,2017-12-12,24.6,34.1,28.28,61.0,89.0,81.38,0.056,0.0,13.485,6.472799999999999
PR,2017-12-13,22.9,35.6,27.84,54.0,90.0,80.92,0.019,0.0,14.273,6.851039999999999
PR,2017-12-14,22.3,33.8,27.07,61.0,90.0,82.96,0.241,0.0,13.748,6.59904
PR,2017-12-15,22.3,33.6,26.96,69.0,90.0,83.67,0.222,0.0,13.434,6.44832
PR,2017-12-16,22.5,34.7,27.5,62.0,89.0,82.54,0.167,0.0,15.258,7.32384
PR,2017-12-17,23.8,34.3,27.63,63.0,89.0,83.54,0.37,0.0,13.39,6.4272
PR,2017-12-18,24.2,34.4,27.93,65.0,89.0,82.21,0.315,0.0,16.449,7.89552
PR,2017-12-19,22.6,34.2,26.61,62.0,89.0,82.67,0.167,0.0,14.711,7.06128
PR,2017-12-20,24.1,28.8,26.0,75.09,95.0,85.04,1.4,0.0,17.8,8.544
PR,2017-12-21,23.9,29.7,26.4,64.1,95.0,79.55,1.2,0.0,15.0,7.199999999999999
PR,2017-12-22,24.1,28.4,25.8,73.08,99.0,86.04,1.7,0.0,11.1,5.327999999999999
PR,2017-12-23,23.2,29.7,25.7,64.61,94.62,79.61,1.7,0.0,18.5,8.879999999999999
PR,2017-12-24,23.3,30.5,26.4,62.66,94.85,78.75,0.9,0.0,19.1,9.168000000000001
PR,2017-12-25,21.1,29.2,25.2,48.1,91.03,69.56,1.1,0.0,18.5,8.879999999999999
PR,2017-12-26,20.4,29.2,24.2,51.66,85.65,68.65,1.6,0.0,17.4,8.351999999999999
PR,2017-12-27,19.3,29.6,24.6,50.28,89.56,69.92,1.2,0.0,18.1,8.688
PR,2017-12-28,21.4,29.5,25.2,51.04,89.53,70.28,0.9,0.0,19.3,9.264
PR,2017-12-29,20.2,32.5,25.7,67.0,90.0,83.58,0.0092,0.0,14.3448,6.885503999999999
PR,2017-12-30,21.3,34.1,26.11,47.0,90.0,79.75,0.03,0.0,15.0996,7.247808
PR,2017-12-31,19.5,33.9,25.07,38.0,90.0,76.42,0.0,0.0,17.5406,8.419488000000001
PR,2018-01-01,16.9,33.8,23.9083,28.0,91.0,70.8333,0.0763889,0.0,15.7699,7.569552
